date,change_pp
1990-07-13,-0.25
1990-10-29,-0.25
1990-11-13,-0.25
1990-12-07,-0.25
1990-12-18,-0.25
1991-01-09,-0.25
1991-02-01,-0.5
1991-03-08,-0.25
1991-04-30,-0.25
1991-08-06,-0.25
1991-09-13,-0.25
1991-10-31,-0.25
1991-11-06,-0.25
1991-12-06,-0.25
1991-12-20,-0.5
1992-04-09,-0.25
1992-07-02,-0.5
1992-09-04,-0.25
1994-02-04,0.25
1994-03-22,0.25
1994-04-18,0.25
1994-05-17,0.5
1994-08-16,0.5
1994-11-15,0.75
1995-02-01,0.5
1995-07-06,-0.25
1995-12-19,-0.25
1996-01-31,-0.25
1997-03-25,0.25
1998-09-29,-0.25
1998-10-15,-0.25
1998-11-17,-0.25
1999-06-30,0.25
1999-08-24,0.25
1999-11-16,0.25
2000-02-02,0.25
2000-03-21,0.25
2000-05-16,0.5
2001-01-03,-0.5
2001-01-31,-0.5
2001-03-20,-0.5
2001-04-18,-0.5
2001-05-15,-0.5
2001-06-27,-0.25
2001-08-21,-0.25
2001-09-17,-0.5
2001-10-02,-0.5
2001-11-06,-0.5
2001-12-11,-0.25
2002-11-06,-0.5
2003-06-25,-0.25
2004-06-30,0.25
2004-08-10,0.25
2004-09-21,0.25
2004-11-10,0.25
2004-12-14,0.25
2005-02-02,0.25
2005-03-22,0.25
2005-05-03,0.25
2005-06-30,0.25
2005-08-09,0.25
2005-09-20,0.25
2005-11-01,0.25
2005-12-13,0.25
2006-01-31,0.25
2006-03-28,0.25
2006-05-10,0.25
2006-06-29,0.25
2007-09-18,-0.5
2007-10-31,-0.25
2007-12-11,-0.25
2008-01-22,-0.75
2008-01-30,-0.5
2008-03-18,-0.75
2008-04-30,-0.25
2008-10-08,-0.5
2008-10-29,-0.5
2008-12-16,-1.0
2015-12-17,0.25
2016-12-15,0.25
2017-03-16,0.25
2017-06-15,0.25
2017-12-14,0.25
2018-03-22,0.25
2018-06-14,0.25
2018-09-27,0.25
2018-12-20,0.25
2019-08-01,-0.25
2019-09-19,-0.25
2019-10-31,-0.25
2020-03-04,-0.5
2020-03-16,-1.0
2022-03-17,0.25
2022-05-05,0.5
2022-06-16,0.75
2022-07-28,0.75
2022-09-22,0.75
2022-11-03,0.75
2022-12-15,0.5
2023-02-02,0.25
2023-03-23,0.25
2023-05-04,0.25
2023-07-27,0.25
2024-09-19,-0.5
2024-11-08,-0.25
2024-12-19,-0.25
2025-09-18,-0.25
2025-10-30,-0.25
2025-12-11,-0.25
2026-09-17,0.25
