date,n,adv,dec,pct50,n50,pct200,n200
2021-09-22,488,369,83,NaN,0,NaN,0
2021-09-23,488,413,73,NaN,0,NaN,0
2021-09-24,488,271,215,NaN,0,NaN,0
2021-09-27,488,254,232,NaN,0,NaN,0
2021-09-28,488,51,430,NaN,0,NaN,0
2021-09-29,488,285,199,NaN,0,NaN,0
2021-09-30,490,41,444,NaN,0,NaN,0
2021-10-01,490,383,103,NaN,0,NaN,0
2021-10-04,490,147,340,NaN,0,NaN,0
2021-10-05,490,355,134,NaN,0,NaN,0
2021-10-06,490,277,211,NaN,0,NaN,0
2021-10-07,490,379,111,NaN,0,NaN,0
2021-10-08,490,183,303,NaN,0,NaN,0
2021-10-11,490,121,367,NaN,0,NaN,0
2021-10-12,490,231,254,NaN,0,NaN,0
2021-10-13,490,277,208,NaN,0,NaN,0
2021-10-14,490,465,25,NaN,0,NaN,0
2021-10-15,490,315,170,NaN,0,NaN,0
2021-10-18,490,232,255,NaN,0,NaN,0
2021-10-19,490,360,128,NaN,0,NaN,0
2021-10-20,490,378,112,NaN,0,NaN,0
2021-10-21,490,273,215,NaN,0,NaN,0
2021-10-22,490,318,168,NaN,0,NaN,0
2021-10-25,490,259,228,NaN,0,NaN,0
2021-10-26,490,216,270,NaN,0,NaN,0
2021-10-27,490,77,412,NaN,0,NaN,0
2021-10-28,490,391,96,NaN,0,NaN,0
2021-10-29,490,200,287,NaN,0,NaN,0
2021-11-01,490,326,163,NaN,0,NaN,0
2021-11-02,490,282,205,NaN,0,NaN,0
2021-11-03,490,328,161,NaN,0,NaN,0
2021-11-04,490,205,284,NaN,0,NaN,0
2021-11-05,490,316,173,NaN,0,NaN,0
2021-11-08,490,269,218,NaN,0,NaN,0
2021-11-09,490,243,244,NaN,0,NaN,0
2021-11-10,490,188,301,NaN,0,NaN,0
2021-11-11,490,279,210,NaN,0,NaN,0
2021-11-12,490,318,171,NaN,0,NaN,0
2021-11-15,490,269,220,NaN,0,NaN,0
2021-11-16,490,254,233,NaN,0,NaN,0
2021-11-17,490,156,332,NaN,0,NaN,0
2021-11-18,490,163,326,NaN,0,NaN,0
2021-11-19,490,169,319,NaN,0,NaN,0
2021-11-22,490,276,213,NaN,0,NaN,0
2021-11-23,490,306,184,NaN,0,NaN,0
2021-11-24,490,234,252,NaN,0,NaN,0
2021-11-26,490,32,457,NaN,0,NaN,0
2021-11-29,490,325,162,NaN,0,NaN,0
2021-11-30,490,7,483,0.35964912280701755,456,NaN,0
2021-12-01,490,97,392,0.2836734693877551,490,NaN,0
2021-12-02,490,443,47,0.4163265306122449,490,NaN,0
2021-12-03,490,196,292,0.3979591836734694,490,NaN,0
2021-12-06,490,421,69,0.49387755102040815,490,NaN,0
2021-12-07,490,420,67,0.6081632653061224,490,NaN,0
2021-12-08,490,297,192,0.6183673469387755,490,NaN,0
2021-12-09,490,116,372,0.5571428571428572,490,NaN,0
2021-12-10,490,343,146,0.5857142857142857,490,NaN,0
2021-12-13,490,178,311,0.5428571428571428,490,NaN,0
2021-12-14,489,155,333,0.49693251533742333,489,NaN,0
2021-12-15,489,392,95,0.5398773006134969,489,NaN,0
2021-12-16,489,263,223,0.5337423312883436,489,NaN,0
2021-12-17,489,124,364,0.48057259713701433,489,NaN,0
2021-12-20,489,77,409,0.3803680981595092,489,NaN,0
2021-12-21,489,411,78,0.5112474437627812,489,NaN,0
2021-12-22,489,385,102,0.5480572597137015,489,NaN,0
2021-12-23,489,388,100,0.5991820040899796,489,NaN,0
2021-12-27,489,440,46,0.6666666666666666,489,NaN,0
2021-12-28,489,304,183,0.6932515337423313,489,NaN,0
2021-12-29,489,333,152,0.6993865030674846,489,NaN,0
2021-12-30,489,174,312,0.6809815950920245,489,NaN,0
2021-12-31,490,269,219,0.6816326530612244,490,NaN,0
2022-01-03,490,245,245,0.710204081632653,490,NaN,0
2022-01-04,490,323,165,0.7755102040816326,490,NaN,0
2022-01-05,490,96,392,0.6632653061224489,490,NaN,0
2022-01-06,490,274,216,0.6755102040816326,490,NaN,0
2022-01-07,490,232,256,0.6346938775510204,490,NaN,0
2022-01-10,490,179,308,0.5918367346938775,490,NaN,0
2022-01-11,490,364,125,0.6469387755102041,490,NaN,0
2022-01-12,490,282,206,0.6510204081632653,490,NaN,0
2022-01-13,490,214,276,0.6142857142857143,490,NaN,0
2022-01-14,490,206,281,0.5714285714285714,490,NaN,0
2022-01-18,490,56,432,0.5020408163265306,490,NaN,0
2022-01-19,490,114,375,0.44693877551020406,490,NaN,0
2022-01-20,490,78,407,0.38571428571428573,490,NaN,0
2022-01-21,490,97,391,0.32448979591836735,490,NaN,0
2022-01-24,490,311,177,0.32857142857142857,490,NaN,0
2022-01-25,490,116,374,0.32040816326530613,490,NaN,0
2022-01-26,490,150,339,0.3020408163265306,490,NaN,0
2022-01-27,490,176,314,0.2836734693877551,490,NaN,0
2022-01-28,490,424,66,0.35918367346938773,490,NaN,0
2022-01-31,490,408,80,0.39591836734693875,490,NaN,0
2022-02-01,490,333,157,0.42653061224489797,490,NaN,0
2022-02-02,490,362,127,0.4816326530612245,490,NaN,0
2022-02-03,490,90,399,0.42653061224489797,490,NaN,0
2022-02-04,490,210,279,0.4142857142857143,490,NaN,0
2022-02-07,490,247,238,0.41836734693877553,490,NaN,0
2022-02-08,490,371,118,0.4530612244897959,490,NaN,0
2022-02-09,490,413,74,0.5183673469387755,490,NaN,0
2022-02-10,490,63,427,0.42448979591836733,490,NaN,0
2022-02-11,490,96,394,0.39183673469387753,490,NaN,0
2022-02-14,489,101,386,0.3456032719836401,489,NaN,0
2022-02-15,489,388,101,0.4069529652351738,489,NaN,0
2022-02-16,489,292,196,0.4233128834355828,489,NaN,0
2022-02-17,489,72,416,0.35991820040899797,489,NaN,0
2022-02-18,489,168,320,0.33537832310838445,489,NaN,0
2022-02-22,489,111,375,0.3067484662576687,489,NaN,0
2022-02-23,489,58,429,0.25766871165644173,489,NaN,0
2022-02-24,489,309,179,0.24335378323108384,489,NaN,0
2022-02-25,489,475,14,0.4069529652351738,489,NaN,0
2022-02-28,489,134,355,0.3394683026584867,489,NaN,0
2022-03-01,489,92,396,0.24539877300613497,489,NaN,0
2022-03-02,489,451,38,0.3558282208588957,489,NaN,0
2022-03-03,489,240,247,0.34151329243353784,489,NaN,0
2022-03-04,489,191,295,0.34151329243353784,489,NaN,0
2022-03-07,489,66,423,0.28629856850715746,489,NaN,0
2022-03-08,489,189,298,0.2331288343558282,489,NaN,0
2022-03-09,489,407,82,0.2719836400817996,489,NaN,0
2022-03-10,489,185,303,0.28016359918200406,489,NaN,0
2022-03-11,489,90,395,0.25153374233128833,489,NaN,0
2022-03-14,489,211,276,0.24948875255623723,489,NaN,0
2022-03-15,489,431,56,0.3067484662576687,489,NaN,0
2022-03-16,489,403,86,0.4049079754601227,489,NaN,0
2022-03-17,489,408,79,0.49079754601226994,489,NaN,0
2022-03-18,489,340,149,0.556237218813906,489,NaN,0
2022-03-21,489,183,303,0.5214723926380368,489,NaN,0
2022-03-22,489,353,133,0.5623721881390593,489,NaN,0
2022-03-23,489,89,399,0.4703476482617587,489,NaN,0
2022-03-24,489,427,62,0.5623721881390593,489,NaN,0
2022-03-25,489,367,122,0.6094069529652352,489,NaN,0
2022-03-28,489,297,189,0.6278118609406953,489,NaN,0
2022-03-29,489,423,66,0.7341513292433538,489,NaN,0
2022-03-30,489,174,313,0.6789366053169734,489,NaN,0
2022-03-31,492,68,422,0.6171079429735234,491,NaN,0
2022-04-01,492,325,166,0.6171079429735234,491,NaN,0
2022-04-04,491,243,245,0.6387755102040816,490,NaN,0
2022-04-05,491,143,348,0.5836734693877551,490,NaN,0
2022-04-06,491,214,277,0.5428571428571428,490,NaN,0
2022-04-07,491,265,222,0.5510204081632653,490,NaN,0
2022-04-08,491,261,227,0.5489795918367347,490,NaN,0
2022-04-11,489,111,376,0.5061475409836066,488,NaN,0
2022-04-12,489,194,294,0.49385245901639346,488,NaN,0
2022-04-13,489,390,97,0.5419222903885481,489,NaN,0
2022-04-14,489,163,324,0.5173824130879345,489,NaN,0
2022-04-18,489,193,294,0.5010224948875256,489,NaN,0
2022-04-19,489,433,56,0.591002044989775,489,NaN,0
2022-04-20,489,369,117,0.6319018404907976,489,NaN,0
2022-04-21,489,87,398,0.5746421267893661,489,NaN,0
2022-04-22,489,15,474,0.41513292433537835,489,NaN,0
2022-04-25,489,283,204,0.4171779141104294,489,NaN,0
2022-04-26,489,27,462,0.3210633946830266,489,NaN,0
2022-04-27,489,260,225,0.33537832310838445,489,NaN,0
2022-04-28,489,426,61,0.40899795501022496,489,NaN,0
2022-04-29,489,11,478,0.25766871165644173,489,NaN,0
2022-05-02,489,259,228,0.2310838445807771,489,NaN,0
2022-05-03,489,353,135,0.2719836400817996,489,NaN,0
2022-05-04,489,462,27,0.46421267893660534,489,NaN,0
2022-05-05,489,19,469,0.2903885480572597,489,NaN,0
2022-05-06,489,149,338,0.2658486707566462,489,NaN,0
2022-05-09,489,73,416,0.19631901840490798,489,NaN,0
2022-05-10,489,205,283,0.16359918200409,489,NaN,0
2022-05-11,489,120,366,0.1390593047034765,489,NaN,0
2022-05-12,489,282,206,0.15337423312883436,489,NaN,0
2022-05-13,489,448,41,0.20449897750511248,489,NaN,0
2022-05-16,489,186,303,0.21267893660531698,489,NaN,0
2022-05-17,489,441,48,0.30265848670756645,489,NaN,0
2022-05-18,489,8,481,0.1554192229038855,489,NaN,0
2022-05-19,489,209,280,0.13496932515337423,489,NaN,0
2022-05-20,489,281,204,0.1329243353783231,489,NaN,0
2022-05-23,489,410,79,0.1738241308793456,489,NaN,0
2022-05-24,489,200,289,0.20245398773006135,489,NaN,0
2022-05-25,489,366,122,0.2310838445807771,489,NaN,0
2022-05-26,489,437,52,0.3006134969325153,489,NaN,0
2022-05-27,489,468,20,0.4498977505112474,489,NaN,0
2022-05-31,489,98,387,0.38650306748466257,489,NaN,0
2022-06-01,489,91,396,0.3149284253578732,489,NaN,0
2022-06-02,489,419,68,0.4274028629856851,489,NaN,0
2022-06-03,489,71,416,0.3456032719836401,489,NaN,0
2022-06-06,489,303,184,0.3824130879345603,489,NaN,0
2022-06-07,489,407,81,0.47443762781186094,489,NaN,0
2022-06-08,488,47,440,0.3422131147540984,488,NaN,0
2022-06-09,488,23,465,0.22336065573770492,488,NaN,0
2022-06-10,488,35,452,0.11475409836065574,488,NaN,0
2022-06-13,488,5,483,0.0430327868852459,488,NaN,0
2022-06-14,488,171,315,0.0471311475409836,488,NaN,0
2022-06-15,488,383,103,0.05327868852459016,488,NaN,0
2022-06-16,488,14,474,0.018442622950819672,488,NaN,0
2022-06-17,488,284,202,0.020491803278688523,488,NaN,0
2022-06-21,488,428,60,0.045081967213114756,488,NaN,0
2022-06-22,488,251,235,0.055327868852459015,488,NaN,0
2022-06-23,488,324,163,0.09836065573770492,488,NaN,0
2022-06-24,488,468,19,0.22131147540983606,488,NaN,0
2022-06-27,488,225,260,0.22336065573770492,488,NaN,0
2022-06-28,488,64,423,0.13934426229508196,488,NaN,0
2022-06-29,488,201,286,0.14344262295081966,488,NaN,0
2022-06-30,492,155,337,0.1483739837398374,492,NaN,0
2022-07-01,492,422,69,0.23780487804878048,492,NaN,0
2022-07-05,492,215,277,0.22764227642276422,492,NaN,0
2022-07-06,492,266,223,0.26422764227642276,492,NaN,0
2022-07-07,492,386,105,0.2845528455284553,492,0.20346320346320346,462
2022-07-08,492,159,329,0.2804878048780488,492,0.19631901840490798,489
2022-07-11,492,130,358,0.258130081300813,492,0.19631901840490798,489
2022-07-12,492,168,322,0.21138211382113822,492,0.17586912065439672,489
2022-07-13,492,151,340,0.19715447154471544,492,0.16768916155419222,489
2022-07-14,492,147,344,0.18292682926829268,492,0.1554192229038855,489
2022-07-15,492,458,32,0.27439024390243905,492,0.16973415132924335,489
2022-07-18,492,164,327,0.22154471544715448,492,0.14519427402862986,489
2022-07-19,492,483,9,0.4410569105691057,492,0.18609406952965235,489
2022-07-20,492,332,157,0.4898373983739837,492,0.17586912065439672,489
2022-07-21,492,353,136,0.556910569105691,492,0.19631901840490798,489
2022-07-22,492,186,302,0.5467479674796748,492,0.19222903885480572,489
2022-07-25,492,285,203,0.5873983739837398,492,0.2229038854805726,489
2022-07-26,492,178,312,0.524390243902439,492,0.2147239263803681,489
2022-07-27,492,423,69,0.6585365853658537,492,0.25153374233128833,489
2022-07-28,492,400,92,0.733739837398374,492,0.3128834355828221,489
2022-07-29,492,375,115,0.7540650406504065,492,0.3374233128834356,489
2022-08-01,492,216,273,0.75,492,0.3312883435582822,489
2022-08-02,492,117,374,0.7052845528455285,492,0.31901840490797545,489
2022-08-03,492,387,104,0.7378048780487805,492,0.3312883435582822,489
2022-08-04,492,228,261,0.7134146341463414,492,0.32719836400818,489
2022-08-05,492,279,211,0.7195121951219512,492,0.3456032719836401,489
2022-08-08,492,310,179,0.733739837398374,492,0.3374233128834356,489
2022-08-09,492,213,277,0.7235772357723578,492,0.32515337423312884,489
2022-08-10,492,454,36,0.8272357723577236,492,0.39059304703476483,489
2022-08-11,492,287,204,0.8577235772357723,492,0.3967280163599182,489
2022-08-12,492,463,28,0.9105691056910569,492,0.44171779141104295,489
2022-08-15,492,289,201,0.8963414634146342,492,0.4498977505112474,489
2022-08-16,492,313,178,0.9105691056910569,492,0.46421267893660534,489
2022-08-17,492,106,385,0.9085365853658537,492,0.44785276073619634,489
2022-08-18,492,297,189,0.9146341463414634,492,0.4621676891615542,489
2022-08-19,492,80,411,0.8780487804878049,492,0.42535787321063395,489
2022-08-22,492,22,470,0.7845528455284553,492,0.35991820040899797,489
2022-08-23,492,193,295,0.7764227642276422,492,0.3537832310838446,489
2022-08-24,492,347,143,0.7845528455284553,492,0.35991820040899797,489
2022-08-25,492,456,36,0.8333333333333334,492,0.4110429447852761,489
2022-08-26,492,5,487,0.6341463414634146,492,0.3333333333333333,489
2022-08-29,492,131,361,0.5691056910569106,492,0.3067484662576687,489
2022-08-30,492,65,427,0.47560975609756095,492,0.26789366053169733,489
2022-08-31,492,83,407,0.40447154471544716,492,0.2556237218813906,489
2022-09-01,492,281,208,0.40447154471544716,492,0.2658486707566462,489
2022-09-02,492,81,410,0.3333333333333333,492,0.24948875255623723,489
2022-09-06,492,183,307,0.3252032520325203,492,0.24335378323108384,489
2022-09-07,492,466,25,0.4735772357723577,492,0.3128834355828221,489
2022-09-08,492,372,117,0.5223577235772358,492,0.3333333333333333,489
2022-09-09,492,440,50,0.6341463414634146,492,0.35991820040899797,489
2022-09-12,492,413,78,0.709349593495935,492,0.3885480572597137,489
2022-09-13,492,5,487,0.36585365853658536,492,0.2883435582822086,489
2022-09-14,492,223,266,0.35772357723577236,492,0.2883435582822086,489
2022-09-15,492,138,349,0.31097560975609756,492,0.2740286298568507,489
2022-09-16,492,135,354,0.23983739837398374,492,0.24539877300613497,489
2022-09-19,492,372,118,0.2967479674796748,492,0.26789366053169733,489
2022-09-20,492,33,458,0.2073170731707317,492,0.2331288343558282,489
2022-09-21,492,31,459,0.1483739837398374,492,0.19222903885480572,489
2022-09-22,492,88,404,0.09959349593495935,492,0.17177914110429449,489
2022-09-23,492,65,427,0.042682926829268296,492,0.12678936605316973,489
2022-09-26,492,43,448,0.028455284552845527,492,0.10633946830265849,489
2022-09-27,492,191,298,0.03048780487804878,492,0.09815950920245399,489
2022-09-28,492,477,14,0.06707317073170732,492,0.1390593047034765,489
2022-09-29,492,39,453,0.052845528455284556,492,0.1083844580777096,489
2022-09-30,490,80,410,0.024489795918367346,490,0.10245901639344263,488
2022-10-03,489,475,13,0.07566462167689161,489,0.14784394250513347,487
2022-10-04,489,483,6,0.20245398773006135,489,0.20123203285420946,487
2022-10-05,489,173,315,0.2085889570552147,489,0.2032854209445585,487
2022-10-06,489,84,405,0.16973415132924335,489,0.188911704312115,487
2022-10-07,489,27,462,0.10633946830265849,489,0.14989733059548255,487
2022-10-10,489,185,301,0.11451942740286299,489,0.14784394250513347,487
2022-10-11,489,196,291,0.11247443762781185,489,0.14989733059548255,487
2022-10-12,489,151,337,0.10429447852760736,489,0.14784394250513347,487
2022-10-13,489,458,30,0.16768916155419222,489,0.162217659137577,487
2022-10-14,489,29,459,0.1083844580777096,489,0.13552361396303902,487
2022-10-17,489,465,24,0.1738241308793456,489,0.16837782340862423,487
2022-10-18,489,437,51,0.24335378323108384,489,0.1971252566735113,487
2022-10-19,489,115,372,0.21267893660531698,489,0.188911704312115,487
2022-10-20,489,110,378,0.17791411042944785,489,0.16427104722792607,487
2022-10-21,489,458,31,0.2903885480572597,489,0.20944558521560575,487
2022-10-24,489,403,83,0.35787321063394684,489,0.22792607802874743,487
2022-10-25,489,437,51,0.4662576687116564,489,0.27720739219712526,487
2022-10-26,489,273,212,0.4867075664621677,489,0.28336755646817247,487
2022-10-27,489,273,216,0.50920245398773,489,0.29568788501026694,487
2022-10-28,488,442,46,0.625,488,0.3559670781893004,486
2022-10-31,488,142,344,0.610655737704918,488,0.3497942386831276,486
2022-11-01,488,271,215,0.6209016393442623,488,0.35802469135802467,486
2022-11-02,488,26,461,0.49385245901639346,488,0.31275720164609055,486
2022-11-03,488,194,293,0.48360655737704916,488,0.3045267489711934,486
2022-11-04,488,388,100,0.5655737704918032,488,0.33539094650205764,486
2022-11-07,488,357,131,0.6188524590163934,488,0.3724279835390947,486
2022-11-08,488,343,144,0.6413934426229508,488,0.3888888888888889,486
2022-11-09,488,39,448,0.5799180327868853,488,0.345679012345679,486
2022-11-10,488,470,18,0.8135245901639344,488,0.4876543209876543,486
2022-11-11,488,305,182,0.8114754098360656,488,0.5082304526748971,486
2022-11-14,488,98,387,0.7725409836065574,488,0.46502057613168724,486
2022-11-15,488,371,116,0.8094262295081968,488,0.5,486
2022-11-16,488,154,333,0.8032786885245902,488,0.4948665297741273,487
2022-11-17,488,163,324,0.7827868852459017,488,0.47638603696098564,487
2022-11-18,488,380,107,0.8217213114754098,488,0.5236139630390144,487
2022-11-21,488,265,223,0.8278688524590164,488,0.5215605749486653,487
2022-11-22,488,432,52,0.8688524590163934,488,0.5503080082135524,487
2022-11-23,488,345,140,0.8913934426229508,488,0.5811088295687885,487
2022-11-25,488,339,147,0.8872950819672131,488,0.5975359342915811,487
2022-11-28,488,37,451,0.8483606557377049,488,0.5482546201232033,487
2022-11-29,488,270,215,0.8524590163934426,488,0.5482546201232033,487
2022-11-30,488,462,24,0.9159836065573771,488,0.6180698151950719,487
2022-12-01,488,247,237,0.9036885245901639,488,0.6119096509240246,487
2022-12-02,488,237,247,0.8995901639344263,488,0.6119096509240246,487
2022-12-05,488,29,459,0.8155737704918032,488,0.5605749486652978,487
2022-12-06,488,101,387,0.7725409836065574,488,0.5462012320328542,487
2022-12-07,488,219,266,0.7725409836065574,488,0.5318275154004107,487
2022-12-08,488,345,141,0.7868852459016393,488,0.5420944558521561,487
2022-12-09,488,111,374,0.7684426229508197,488,0.5297741273100616,487
2022-12-12,488,455,31,0.7950819672131147,488,0.5708418891170431,487
2022-12-13,488,337,148,0.8012295081967213,488,0.6057494866529775,487
2022-12-14,488,130,357,0.7786885245901639,488,0.5626283367556468,487
2022-12-15,488,29,459,0.6413934426229508,488,0.4948665297741273,487
2022-12-16,488,80,407,0.5655737704918032,488,0.45790554414784396,487
2022-12-19,488,106,379,0.48360655737704916,488,0.4414784394250513,487
2022-12-20,488,258,226,0.48770491803278687,488,0.4394250513347023,487
2022-12-21,488,453,35,0.5901639344262295,488,0.4722792607802875,487
2022-12-22,487,86,397,0.48459958932238195,487,0.4506172839506173,486
2022-12-23,487,408,77,0.5277207392197125,487,0.4691358024691358,486
2022-12-27,487,300,185,0.5318275154004107,487,0.48559670781893005,486
2022-12-28,487,24,461,0.3942505133470226,487,0.44238683127572015,486
2022-12-29,487,462,25,0.5256673511293635,487,0.4835390946502058,486
2022-12-30,487,127,357,0.4414784394250513,487,0.46502057613168724,486
2023-01-03,492,262,228,0.4573170731707317,492,0.4663951120162933,491
2023-01-04,492,412,79,0.5365853658536586,492,0.49287169042769857,491
2023-01-05,492,115,377,0.4268292682926829,492,0.46028513238289204,491
2023-01-06,492,468,24,0.6443089430894309,492,0.5254582484725051,491
2023-01-09,492,251,240,0.6260162601626016,492,0.5295315682281059,491
2023-01-10,492,361,128,0.6463414634146342,492,0.5498981670061099,491
2023-01-11,492,397,94,0.7459349593495935,492,0.5987780040733197,491
2023-01-12,492,272,218,0.7520325203252033,492,0.6109979633401222,491
2023-01-13,492,305,184,0.7520325203252033,492,0.6171079429735234,491
2023-01-17,492,184,303,0.7296747967479674,492,0.6069246435845214,491
2023-01-18,492,52,440,0.5711382113821138,492,0.5580448065173116,491
2023-01-19,492,110,380,0.4695121951219512,492,0.5142276422764228,492
2023-01-20,492,450,42,0.6036585365853658,492,0.573170731707317,492
2023-01-23,492,385,106,0.6829268292682927,492,0.6260162601626016,492
2023-01-24,492,222,266,0.6707317073170732,492,0.6158536585365854,492
2023-01-25,492,284,205,0.6686991869918699,492,0.6199186991869918,492
2023-01-26,492,352,137,0.7235772357723578,492,0.6422764227642277,492
2023-01-27,492,256,234,0.7235772357723578,492,0.6544715447154471,492
2023-01-30,492,99,391,0.6727642276422764,492,0.6199186991869918,492
2023-01-31,492,460,31,0.733739837398374,492,0.676829268292683,492
2023-02-01,492,359,131,0.7479674796747967,492,0.7032520325203252,492
2023-02-02,492,317,172,0.7378048780487805,492,0.7398373983739838,492
2023-02-03,492,105,384,0.693089430894309,492,0.6991869918699187,492
2023-02-06,492,150,341,0.6686991869918699,492,0.676829268292683,492
2023-02-07,492,343,147,0.7113821138211383,492,0.6951219512195121,492
2023-02-08,492,105,386,0.6686991869918699,492,0.6727642276422764,492
2023-02-09,492,111,379,0.6178861788617886,492,0.6361788617886179,492
2023-02-10,492,311,180,0.6463414634146342,492,0.6666666666666666,492
2023-02-13,492,440,52,0.7215447154471545,492,0.6808943089430894,492
2023-02-14,492,162,325,0.6808943089430894,492,0.6747967479674797,492
2023-02-15,492,328,162,0.6808943089430894,492,0.6727642276422764,492
2023-02-16,492,73,418,0.6382113821138211,492,0.6463414634146342,492
2023-02-17,492,253,238,0.6260162601626016,492,0.6443089430894309,492
2023-02-21,492,35,457,0.47764227642276424,492,0.5894308943089431,492
2023-02-22,492,201,289,0.4573170731707317,492,0.5853658536585366,492
2023-02-23,492,301,188,0.491869918699187,492,0.5975609756097561,492
2023-02-24,492,106,384,0.42886178861788615,492,0.5589430894308943,492
2023-02-27,492,253,236,0.45121951219512196,492,0.5650406504065041,492
2023-02-28,492,196,293,0.4105691056910569,492,0.5426829268292683,492
2023-03-01,492,177,315,0.3943089430894309,492,0.516260162601626,492
2023-03-02,492,373,116,0.4268292682926829,492,0.5467479674796748,492
2023-03-03,492,433,56,0.5040650406504065,492,0.5853658536585366,492
2023-03-06,492,173,318,0.4796747967479675,492,0.5813008130081301,492
2023-03-07,492,30,461,0.34959349593495936,492,0.5203252032520326,492
2023-03-08,492,283,207,0.36585365853658536,492,0.524390243902439,492
2023-03-09,492,26,466,0.23780487804878048,492,0.4654471544715447,492
2023-03-10,491,38,453,0.15885947046843177,491,0.40325865580448067,491
2023-03-13,491,207,282,0.15885947046843177,491,0.37678207739307534,491
2023-03-14,491,408,81,0.21384928716904278,491,0.4134419551934827,491
2023-03-15,491,140,349,0.17922606924643583,491,0.3645621181262729,491
2023-03-16,491,410,78,0.23014256619144602,491,0.4093686354378819,491
2023-03-17,491,42,448,0.19959266802443992,491,0.3625254582484725,491
2023-03-20,491,428,60,0.24236252545824846,491,0.40529531568228105,491
2023-03-21,491,378,104,0.24439918533604887,491,0.4460285132382892,491
2023-03-22,491,9,480,0.18329938900203666,491,0.3910386965376782,491
2023-03-23,491,173,315,0.17922606924643583,491,0.37067209775967414,491
2023-03-24,491,369,119,0.22606924643584522,491,0.384928716904277,491
2023-03-27,491,364,124,0.23828920570264767,491,0.4154786150712831,491
2023-03-28,491,303,184,0.24236252545824846,491,0.4317718940936864,491
2023-03-29,491,449,40,0.3136456211812627,491,0.4745417515274949,491
2023-03-30,491,348,141,0.37474541751527496,491,0.505091649694501,491
2023-03-31,492,462,29,0.48577235772357724,492,0.5356415478615071,491
2023-04-03,492,231,260,0.5142276422764228,492,0.5519348268839104,491
2023-04-04,492,114,375,0.4369918699186992,492,0.5193482688391039,491
2023-04-05,492,221,269,0.43089430894308944,492,0.5295315682281059,491
2023-04-06,492,260,229,0.4329268292682927,492,0.5234215885947047,491
2023-04-10,492,340,152,0.483739837398374,492,0.5376782077393075,491
2023-04-11,492,364,125,0.5101626016260162,492,0.570264765784114,491
2023-04-12,492,174,317,0.5,492,0.5498981670061099,491
2023-04-13,492,380,111,0.540650406504065,492,0.5723014256619144,491
2023-04-14,492,163,326,0.5386178861788617,492,0.5458248472505092,491
2023-04-17,492,370,121,0.573170731707317,492,0.5580448065173116,491
2023-04-18,492,245,245,0.5955284552845529,492,0.560081466395112,491
2023-04-19,492,250,240,0.5873983739837398,492,0.5621181262729125,491
2023-04-20,492,171,319,0.5711382113821138,492,0.5560081466395111,491
2023-04-21,492,256,235,0.5650406504065041,492,0.5498981670061099,491
2023-04-24,492,304,185,0.5853658536585366,492,0.5478615071283096,491
2023-04-25,492,86,405,0.4654471544715447,492,0.5030549898167006,491
2023-04-26,492,90,401,0.3821138211382114,492,0.45417515274949083,491
2023-04-27,492,433,58,0.5101626016260162,492,0.49490835030549896,491
2023-04-28,492,402,90,0.5853658536585366,492,0.5417515274949084,491
2023-05-01,491,256,233,0.594704684317719,491,0.5285714285714286,490
2023-05-02,491,92,399,0.4725050916496945,491,0.47959183673469385,490
2023-05-03,491,145,345,0.45010183299389,491,0.4489795918367347,490
2023-05-04,491,144,345,0.4317718940936864,491,0.4530612244897959,490
2023-05-05,491,446,44,0.5234215885947047,491,0.4775510204081633,490
2023-05-08,491,215,270,0.5315682281059063,491,0.4857142857142857,490
2023-05-09,491,174,312,0.5010183299389002,491,0.47346938775510206,490
2023-05-10,491,251,236,0.49287169042769857,491,0.46938775510204084,490
2023-05-11,491,153,336,0.4663951120162933,491,0.4489795918367347,490
2023-05-12,491,241,243,0.46435845213849286,491,0.45918367346938777,490
2023-05-15,491,324,167,0.4847250509164969,491,0.463265306122449,490
2023-05-16,491,57,433,0.39918533604887985,491,0.41836734693877553,490
2023-05-17,491,373,117,0.47046843177189407,491,0.44693877551020406,490
2023-05-18,491,334,156,0.5030549898167006,491,0.48367346938775513,490
2023-05-19,491,194,294,0.5010183299389002,491,0.4714285714285714,490
2023-05-22,491,278,212,0.5010183299389002,491,0.4775510204081633,490
2023-05-23,491,109,378,0.4093686354378819,491,0.44081632653061226,490
2023-05-24,491,78,412,0.31771894093686354,491,0.39183673469387753,490
2023-05-25,491,197,290,0.3075356415478615,491,0.3693877551020408,490
2023-05-26,491,331,157,0.35234215885947046,491,0.4122448979591837,490
2023-05-30,491,201,289,0.329938900203666,491,0.3979591836734694,490
2023-05-31,491,173,318,0.2892057026476578,491,0.37755102040816324,490
2023-06-01,491,358,130,0.34623217922606925,491,0.4061224489795918,490
2023-06-02,491,449,39,0.5091649694501018,491,0.48775510204081635,490
2023-06-05,491,193,296,0.4725050916496945,491,0.47959183673469385,490
2023-06-06,491,321,169,0.5112016293279023,491,0.4959183673469388,490
2023-06-07,491,336,154,0.570264765784114,491,0.5326530612244897,490
2023-06-08,491,250,240,0.5641547861507128,491,0.5326530612244897,490
2023-06-09,491,214,274,0.5539714867617108,491,0.5224489795918368,490
2023-06-12,491,324,167,0.5621181262729125,491,0.5346938775510204,490
2023-06-13,491,386,101,0.6293279022403259,491,0.5612244897959183,490
2023-06-14,491,205,284,0.6171079429735234,491,0.5530612244897959,490
2023-06-15,491,428,61,0.6782077393075356,491,0.6020408163265306,490
2023-06-16,491,209,281,0.6863543788187373,491,0.6020408163265306,490
2023-06-20,491,94,396,0.6313645621181263,491,0.5591836734693878,490
2023-06-21,491,247,242,0.6252545824847251,491,0.5755102040816327,490
2023-06-22,491,176,312,0.5845213849287169,491,0.5489795918367347,490
2023-06-23,491,91,400,0.5234215885947047,491,0.5142857142857142,490
2023-06-26,491,337,152,0.5641547861507128,491,0.5448979591836735,490
2023-06-27,491,403,87,0.6334012219959266,491,0.5857142857142857,490
2023-06-28,491,199,289,0.6191446028513238,491,0.5673469387755102,490
2023-06-29,491,382,106,0.6761710794297352,491,0.5877551020408164,490
2023-06-30,492,426,65,0.7235772357723578,492,0.6211812627291242,491
2023-07-03,492,305,185,0.7723577235772358,492,0.6517311608961304,491
2023-07-05,492,163,327,0.7621951219512195,492,0.6171079429735234,491
2023-07-06,492,81,409,0.7215447154471545,492,0.5987780040733197,491
2023-07-07,492,241,250,0.7154471544715447,492,0.6130346232179226,491
2023-07-10,492,361,130,0.733739837398374,492,0.6334012219959266,491
2023-07-11,492,407,84,0.7845528455284553,492,0.6680244399185336,491
2023-07-12,492,322,170,0.8313008130081301,492,0.6822810590631364,491
2023-07-13,492,345,143,0.8516260162601627,492,0.6904276985743381,491
2023-07-14,492,171,320,0.823170731707317,492,0.6619144602851323,491
2023-07-17,492,269,222,0.806910569105691,492,0.6496945010183299,491
2023-07-18,492,311,178,0.7987804878048781,492,0.6680244399185336,491
2023-07-19,492,318,172,0.8333333333333334,492,0.6945010183299389,491
2023-07-20,492,281,211,0.8638211382113821,492,0.7189409368635438,491
2023-07-21,492,293,194,0.8699186991869918,492,0.7331975560081466,491
2023-07-24,492,286,204,0.8841463414634146,492,0.7311608961303462,491
2023-07-25,492,283,209,0.8699186991869918,492,0.7230142566191446,491
2023-07-26,492,261,229,0.8638211382113821,492,0.7291242362525459,491
2023-07-27,492,117,374,0.8008130081300813,492,0.6843177189409368,491
2023-07-28,492,329,163,0.8028455284552846,492,0.6965376782077393,491
2023-07-31,492,294,195,0.8109756097560976,492,0.714867617107943,491
2023-08-01,492,172,317,0.7886178861788617,492,0.6782077393075356,491
2023-08-02,492,133,356,0.725609756097561,492,0.6659877800407332,491
2023-08-03,492,203,287,0.6544715447154471,492,0.6232179226069247,491
2023-08-04,492,153,335,0.5975609756097561,492,0.6089613034623218,491
2023-08-07,492,396,95,0.6463414634146342,492,0.6354378818737271,491
2023-08-08,492,150,341,0.5813008130081301,492,0.6028513238289206,491
2023-08-09,492,202,286,0.573170731707317,492,0.6109979633401222,491
2023-08-10,492,222,263,0.5711382113821138,492,0.6069246435845214,491
2023-08-11,492,273,216,0.5487804878048781,492,0.6008146639511202,491
2023-08-14,492,229,262,0.5447154471544715,492,0.5885947046843177,491
2023-08-15,492,42,450,0.4613821138211382,492,0.5458248472505092,491
2023-08-16,492,108,383,0.3983739837398374,492,0.5234215885947047,491
2023-08-17,492,127,364,0.33739837398373984,492,0.4989816700610998,491
2023-08-18,492,289,201,0.3333333333333333,492,0.5091649694501018,491
2023-08-21,492,219,271,0.3394308943089431,492,0.5030549898167006,491
2023-08-22,492,192,299,0.3048780487804878,492,0.4847250509164969,491
2023-08-23,492,386,103,0.35772357723577236,492,0.4989816700610998,491
2023-08-24,492,92,397,0.2967479674796748,492,0.4786150712830957,491
2023-08-25,492,368,122,0.3231707317073171,492,0.49287169042769857,491
2023-08-28,492,411,76,0.35772357723577236,492,0.505091649694501,491
2023-08-29,492,436,52,0.44715447154471544,492,0.5336048879837068,491
2023-08-30,492,310,175,0.4634146341463415,492,0.5376782077393075,491
2023-08-31,492,170,321,0.4329268292682927,492,0.5315682281059063,491
2023-09-01,492,330,160,0.4573170731707317,492,0.539714867617108,491
2023-09-05,492,87,405,0.3638211382113821,492,0.5010183299389002,491
2023-09-06,492,202,290,0.3394308943089431,492,0.4969450101832994,491
2023-09-07,492,203,288,0.3394308943089431,492,0.4745417515274949,491
2023-09-08,492,259,229,0.3353658536585366,492,0.4725050916496945,491
2023-09-11,492,293,195,0.35772357723577236,492,0.4725050916496945,491
2023-09-12,492,203,284,0.3434959349593496,492,0.4786150712830957,491
2023-09-13,492,200,290,0.3252032520325203,492,0.45824847250509165,491
2023-09-14,492,420,70,0.37398373983739835,492,0.5091649694501018,491
2023-09-15,492,92,399,0.3252032520325203,492,0.49287169042769857,491
2023-09-18,492,228,261,0.3313008130081301,492,0.4786150712830957,491
2023-09-19,492,198,293,0.3008130081300813,492,0.47046843177189407,491
2023-09-20,492,172,319,0.2703252032520325,492,0.4725050916496945,491
2023-09-21,492,35,456,0.18089430894308944,492,0.4215885947046843,491
2023-09-22,492,168,322,0.18089430894308944,492,0.4093686354378819,491
2023-09-25,492,292,197,0.1951219512195122,492,0.4154786150712831,491
2023-09-26,492,45,446,0.13617886178861788,492,0.38085539714867617,491
2023-09-27,492,228,261,0.1524390243902439,492,0.38289205702647655,491
2023-09-28,492,363,127,0.1910569105691057,492,0.40122199592668023,491
2023-09-29,492,184,304,0.14634146341463414,492,0.3890020366598778,491
2023-10-02,492,109,382,0.12195121951219512,492,0.37755102040816324,490
2023-10-03,492,107,384,0.07317073170731707,492,0.35030549898167007,491
2023-10-04,492,368,122,0.10975609756097561,492,0.3604887983706721,491
2023-10-05,492,208,283,0.12398373983739837,492,0.35234215885947046,491
2023-10-06,492,393,99,0.17276422764227642,492,0.3604887983706721,491
2023-10-09,492,346,141,0.23373983739837398,492,0.395112016293279,491
2023-10-10,492,377,113,0.2459349593495935,492,0.4215885947046843,491
2023-10-11,492,301,188,0.32113821138211385,492,0.42973523421588594,491
2023-10-12,492,83,407,0.2682926829268293,492,0.3910386965376782,491
2023-10-13,492,214,275,0.258130081300813,492,0.3788187372708758,491
2023-10-16,491,449,42,0.31568228105906315,491,0.4061224489795918,490
2023-10-17,491,327,160,0.35234215885947046,491,0.4204081632653061,490
2023-10-18,491,82,409,0.2769857433808554,491,0.37551020408163266,490
2023-10-19,491,72,418,0.20977596741344195,491,0.3469387755102041,490
2023-10-20,491,67,422,0.15071283095723015,491,0.3081632653061224,490
2023-10-23,491,133,357,0.1364562118126273,491,0.29183673469387755,490
2023-10-24,491,338,151,0.16089613034623218,491,0.30612244897959184,490
2023-10-25,491,125,364,0.1425661914460285,491,0.2693877551020408,490
2023-10-26,491,235,254,0.14052953156822812,491,0.2673469387755102,490
2023-10-27,491,88,403,0.10183299389002037,491,0.23673469387755103,490
2023-10-30,491,388,101,0.1384928716904277,491,0.2714285714285714,490
2023-10-31,491,403,86,0.1955193482688391,491,0.2979591836734694,490
2023-11-01,491,303,187,0.2484725050916497,491,0.32448979591836735,490
2023-11-02,491,436,53,0.40325865580448067,491,0.3795918367346939,490
2023-11-03,491,404,84,0.4908350305498982,491,0.4142857142857143,490
2023-11-06,491,155,335,0.45824847250509165,491,0.4,490
2023-11-07,491,203,287,0.4480651731160896,491,0.3836734693877551,490
2023-11-08,491,224,265,0.45213849287169044,491,0.373469387755102,490
2023-11-09,491,119,372,0.4093686354378819,491,0.363265306122449,490
2023-11-10,491,423,66,0.48676171079429736,491,0.39183673469387753,490
2023-11-13,491,187,302,0.4663951120162933,491,0.3979591836734694,490
2023-11-14,491,455,36,0.670061099796334,491,0.4714285714285714,490
2023-11-15,491,295,195,0.6863543788187373,491,0.48367346938775513,490
2023-11-16,491,217,274,0.6619144602851323,491,0.4775510204081633,490
2023-11-17,491,317,171,0.7046843177189409,491,0.5061224489795918,490
2023-11-20,491,335,153,0.714867617107943,491,0.5081632653061224,490
2023-11-21,491,223,267,0.7006109979633401,491,0.5142857142857142,490
2023-11-22,491,380,110,0.7331975560081466,491,0.5204081632653061,490
2023-11-24,491,371,117,0.7596741344195519,491,0.536734693877551,490
2023-11-27,491,170,318,0.7393075356415478,491,0.5265306122448979,490
2023-11-28,491,223,263,0.7596741344195519,491,0.536734693877551,490
2023-11-29,491,276,212,0.7637474541751528,491,0.5489795918367347,490
2023-11-30,491,389,97,0.7942973523421588,491,0.5693877551020409,490
2023-12-01,491,427,63,0.8472505091649695,491,0.6163265306122448,490
2023-12-04,491,253,235,0.845213849287169,491,0.6204081632653061,490
2023-12-05,491,88,401,0.8207739307535642,491,0.5836734693877551,490
2023-12-06,491,268,220,0.8004073319755601,491,0.5959183673469388,490
2023-12-07,491,309,179,0.814663951120163,491,0.6020408163265306,490
2023-12-08,491,290,197,0.8228105906313645,491,0.6122448979591837,490
2023-12-11,491,381,106,0.8533604887983707,491,0.6387755102040816,490
2023-12-12,491,291,197,0.8472505091649695,491,0.6408163265306123,490
2023-12-13,491,447,43,0.8920570264765784,491,0.7061224489795919,490
2023-12-14,491,317,173,0.8859470468431772,491,0.736734693877551,490
2023-12-15,491,127,363,0.8615071283095723,491,0.710204081632653,490
2023-12-18,491,283,206,0.8778004073319755,491,0.7142857142857143,490
2023-12-19,491,390,98,0.8981670061099797,491,0.7387755102040816,490
2023-12-20,491,19,472,0.8411405295315683,491,0.6816326530612244,490
2023-12-21,491,449,39,0.8778004073319755,491,0.710204081632653,490
2023-12-22,491,364,121,0.8920570264765784,491,0.7244897959183674,490
2023-12-26,491,407,84,0.90020366598778,491,0.7326530612244898,490
2023-12-27,491,291,197,0.890020366598778,491,0.7346938775510204,490
2023-12-28,491,324,164,0.8879837067209776,491,0.746938775510204,490
2023-12-29,491,142,342,0.8940936863543788,491,0.736734693877551,490
2024-01-02,493,256,237,0.9148073022312373,493,0.7841140529531568,491
2024-01-03,493,101,389,0.9107505070993914,493,0.7637474541751528,491
2024-01-04,493,242,249,0.8843813387423936,493,0.7433808553971487,491
2024-01-05,493,277,212,0.8762677484787018,493,0.7474541751527495,491
2024-01-08,493,411,80,0.9026369168356998,493,0.7678207739307535,491
2024-01-09,493,141,351,0.8620689655172413,493,0.7515274949083504,491
2024-01-10,493,275,217,0.845841784989858,493,0.7474541751527495,491
2024-01-11,493,213,277,0.8377281947261663,493,0.7291242362525459,491
2024-01-12,493,255,236,0.8275862068965517,493,0.7270875763747454,491
2024-01-16,493,135,354,0.7849898580121704,493,0.7026476578411406,491
2024-01-17,493,97,395,0.7079107505070994,493,0.6659877800407332,491
2024-01-18,493,323,167,0.7241379310344828,493,0.6619144602851323,491
2024-01-19,493,363,129,0.7464503042596349,493,0.6883910386965377,491
2024-01-22,493,357,133,0.7586206896551724,493,0.6965376782077393,491
2024-01-23,493,266,226,0.7667342799188641,493,0.6904276985743381,491
2024-01-24,493,138,350,0.7079107505070994,493,0.6720977596741344,491
2024-01-25,493,393,99,0.7626774847870182,493,0.7006109979633401,491
2024-01-26,493,266,226,0.7545638945233266,493,0.6985743380855397,491
2024-01-29,493,358,134,0.768762677484787,493,0.7189409368635438,491
2024-01-30,493,268,224,0.7383367139959433,493,0.7169042769857433,491
2024-01-31,493,74,416,0.640973630831643,493,0.6802443991853361,491
2024-02-01,494,393,99,0.7038539553752535,493,0.7331975560081466,491
2024-02-02,494,221,270,0.6531440162271805,493,0.7026476578411406,491
2024-02-05,494,87,405,0.5821501014198783,493,0.6720977596741344,491
2024-02-06,494,343,147,0.6267748478701826,493,0.7006109979633401,491
2024-02-07,494,305,185,0.6288032454361054,493,0.7006109979633401,491
2024-02-08,494,271,223,0.6206896551724138,493,0.7006109979633401,491
2024-02-09,494,299,194,0.6227180527383367,493,0.6904276985743381,491
2024-02-12,494,326,166,0.6490872210953347,493,0.7128309572301426,491
2024-02-13,494,52,442,0.5212981744421906,493,0.6537678207739308,491
2024-02-14,494,380,108,0.5496957403651116,493,0.659877800407332,491
2024-02-15,494,407,84,0.6267748478701826,493,0.7128309572301426,491
2024-02-16,494,166,324,0.5943204868154158,493,0.6965376782077393,491
2024-02-20,494,194,299,0.5882352941176471,493,0.6869918699186992,492
2024-02-21,494,321,171,0.6369168356997972,493,0.7032520325203252,492
2024-02-22,494,360,133,0.6470588235294118,493,0.7215447154471545,492
2024-02-23,494,332,158,0.6673427991886409,493,0.7276422764227642,492
2024-02-26,494,159,333,0.6085192697768763,493,0.6890243902439024,492
2024-02-27,494,309,183,0.6247464503042597,493,0.7073170731707317,492
2024-02-28,494,255,237,0.640973630831643,493,0.7073170731707317,492
2024-02-29,494,306,184,0.6632860040567952,493,0.7276422764227642,492
2024-03-01,494,301,193,0.6876267748478702,493,0.7235772357723578,492
2024-03-04,494,294,199,0.716024340770791,493,0.7378048780487805,492
2024-03-05,494,176,315,0.6734279918864098,493,0.7235772357723578,492
2024-03-06,494,358,134,0.7139959432048681,493,0.7378048780487805,492
2024-03-07,494,358,136,0.7383367139959433,493,0.7560975609756098,492
2024-03-08,494,251,241,0.7586206896551724,493,0.7601626016260162,492
2024-03-11,494,286,206,0.7910750507099391,493,0.7926829268292683,492
2024-03-12,494,284,207,0.7647058823529411,493,0.7723577235772358,492
2024-03-13,494,258,234,0.77079107505071,493,0.7845528455284553,492
2024-03-14,494,106,386,0.7119675456389453,493,0.758130081300813,492
2024-03-15,494,223,270,0.6977687626774848,493,0.75,492
2024-03-18,494,304,188,0.7018255578093306,493,0.75,492
2024-03-19,494,380,111,0.7261663286004056,493,0.774390243902439,492
2024-03-20,494,372,119,0.7728194726166329,493,0.7886178861788617,492
2024-03-21,494,368,125,0.7991886409736308,493,0.7926829268292683,492
2024-03-22,494,118,373,0.7545638945233266,493,0.782520325203252,492
2024-03-25,493,180,308,0.7398373983739838,492,0.7718940936863544,491
2024-03-26,493,211,275,0.7276422764227642,492,0.7678207739307535,491
2024-03-27,493,447,46,0.8252032520325203,492,0.8024439918533605,491
2024-03-28,493,357,135,0.8313008130081301,492,0.8187372708757638,491
2024-04-01,493,131,360,0.782520325203252,492,0.8065173116089613,491
2024-04-02,493,101,390,0.7215447154471545,492,0.7922606924643585,491
2024-04-03,493,270,222,0.7215447154471545,492,0.769857433808554,491
2024-04-04,493,71,420,0.6524390243902439,492,0.7596741344195519,491
2024-04-05,493,360,133,0.7113821138211383,492,0.7576374745417516,491
2024-04-08,493,280,211,0.7195121951219512,492,0.7617107942973523,491
2024-04-09,493,328,162,0.741869918699187,492,0.7881873727087576,491
2024-04-10,493,69,424,0.573170731707317,492,0.7331975560081466,491
2024-04-11,493,225,267,0.556910569105691,492,0.7230142566191446,491
2024-04-12,493,40,450,0.3975659229208925,493,0.6822810590631364,491
2024-04-15,493,76,414,0.3448275862068966,493,0.6659877800407332,491
2024-04-16,493,152,338,0.28600405679513186,493,0.6435845213849287,491
2024-04-17,493,204,289,0.27586206896551724,493,0.6558044806517311,491
2024-04-18,493,258,233,0.2880324543610548,493,0.6496945010183299,491
2024-04-19,493,328,163,0.33874239350912777,493,0.6720977596741344,491
2024-04-22,493,402,86,0.3935091277890467,493,0.7067209775967414,491
2024-04-23,493,381,108,0.4279918864097363,493,0.7291242362525459,491
2024-04-24,493,276,215,0.4421906693711968,493,0.7291242362525459,491
2024-04-25,493,180,311,0.4178498985801217,493,0.7209775967413442,491
2024-04-26,493,256,234,0.44421906693711966,493,0.7128309572301426,491
2024-04-29,493,355,136,0.4908722109533469,493,0.7474541751527495,491
2024-04-30,493,57,434,0.39148073022312374,493,0.6843177189409368,491
2024-05-01,493,237,254,0.3793103448275862,493,0.6782077393075356,491
2024-05-02,493,348,144,0.40365111561866124,493,0.6924643584521385,491
2024-05-03,492,370,120,0.4186991869918699,492,0.7142857142857143,490
2024-05-06,492,373,116,0.4959349593495935,492,0.7204081632653061,490
2024-05-07,492,320,170,0.516260162601626,492,0.7346938775510204,490
2024-05-08,492,237,254,0.5,492,0.7285714285714285,490
2024-05-09,492,404,88,0.5609756097560976,492,0.7510204081632653,490
2024-05-10,492,290,196,0.5630081300813008,492,0.7612244897959184,490
2024-05-13,492,216,272,0.5691056910569106,492,0.7714285714285715,490
2024-05-14,492,306,183,0.6016260162601627,492,0.7836734693877551,490
2024-05-15,492,348,141,0.6300813008130082,492,0.7877551020408163,490
2024-05-16,492,219,266,0.6199186991869918,492,0.789795918367347,490
2024-05-17,492,284,206,0.6300813008130082,492,0.7877551020408163,490
2024-05-20,492,210,279,0.5955284552845529,492,0.7693877551020408,490
2024-05-21,492,242,247,0.5914634146341463,492,0.7755102040816326,490
2024-05-22,492,177,314,0.5650406504065041,492,0.7612244897959184,490
2024-05-23,492,53,439,0.45934959349593496,492,0.7,490
2024-05-24,492,345,146,0.4959349593495935,492,0.7081632653061225,490
2024-05-28,492,129,359,0.4186991869918699,492,0.6857142857142857,490
2024-05-29,492,56,434,0.35772357723577236,492,0.6285714285714286,490
2024-05-30,492,355,135,0.4166666666666667,492,0.6510204081632653,490
2024-05-31,492,418,73,0.5020325203252033,492,0.7,490
2024-06-03,492,165,325,0.4817073170731707,492,0.6836734693877551,490
2024-06-04,492,225,267,0.4654471544715447,492,0.6877551020408164,490
2024-06-05,492,313,177,0.47560975609756095,492,0.6857142857142857,490
2024-06-06,492,201,288,0.48577235772357724,492,0.6714285714285714,490
2024-06-07,492,178,311,0.4796747967479675,492,0.6591836734693878,490
2024-06-10,492,272,218,0.4796747967479675,492,0.6551020408163265,490
2024-06-11,492,178,310,0.44715447154471544,492,0.6551020408163265,490
2024-06-12,492,291,200,0.47560975609756095,492,0.6551020408163265,490
2024-06-13,492,182,306,0.4573170731707317,492,0.6571428571428571,490
2024-06-14,492,129,361,0.4166666666666667,492,0.6306122448979592,490
2024-06-17,492,350,142,0.4491869918699187,492,0.6448979591836734,490
2024-06-18,492,299,187,0.4695121951219512,492,0.6448979591836734,490
2024-06-20,492,282,209,0.5,492,0.6632653061224489,490
2024-06-21,492,289,198,0.5121951219512195,492,0.6653061224489796,490
2024-06-24,492,347,142,0.5691056910569106,492,0.6938775510204082,490
2024-06-25,492,106,383,0.483739837398374,492,0.6632653061224489,490
2024-06-26,492,172,318,0.44715447154471544,492,0.6469387755102041,490
2024-06-27,492,275,215,0.4634146341463415,492,0.6612244897959184,490
2024-06-28,492,261,230,0.45934959349593496,492,0.6591836734693878,490
2024-07-01,494,119,373,0.39271255060728744,494,0.6387755102040816,490
2024-07-02,494,334,158,0.4392712550607287,494,0.6428571428571429,490
2024-07-03,494,243,246,0.451417004048583,494,0.6489795918367347,490
2024-07-05,494,232,259,0.4291497975708502,494,0.6346938775510204,490
2024-07-08,493,275,217,0.4381338742393509,493,0.6257668711656442,489
2024-07-09,493,198,292,0.4300202839756592,493,0.621676891615542,489
2024-07-10,493,393,98,0.5010141987829615,493,0.6462167689161554,489
2024-07-11,493,387,106,0.6186612576064908,493,0.6789366053169734,489
2024-07-12,493,394,98,0.6815415821501014,493,0.7096114519427403,489
2024-07-15,493,274,219,0.6612576064908722,493,0.7198364008179959,489
2024-07-16,493,437,55,0.7464503042596349,493,0.7689161554192229,489
2024-07-17,493,249,242,0.7464503042596349,493,0.7791411042944786,489
2024-07-18,493,116,375,0.6855983772819473,493,0.7510204081632653,490
2024-07-19,493,131,360,0.6308316430020284,493,0.7122448979591837,490
2024-07-22,493,385,105,0.6815415821501014,493,0.7285714285714285,490
2024-07-23,493,181,310,0.6673427991886409,493,0.6979591836734694,490
2024-07-24,493,162,329,0.5801217038539553,493,0.6918367346938775,490
2024-07-25,493,286,205,0.6125760649087221,493,0.7,490
2024-07-26,493,430,60,0.6957403651115619,493,0.7387755102040816,490
2024-07-29,493,274,215,0.6957403651115619,493,0.7448979591836735,490
2024-07-30,493,335,156,0.6977687626774848,493,0.7571428571428571,490
2024-07-31,493,275,217,0.718052738336714,493,0.763265306122449,490
2024-08-01,493,172,320,0.6450304259634888,493,0.7244897959183674,490
2024-08-02,493,130,363,0.5598377281947262,493,0.6775510204081633,490
2024-08-05,493,22,471,0.44016227180527384,493,0.5959183673469388,490
2024-08-06,493,389,103,0.49290060851926976,493,0.6244897959183674,490
2024-08-07,493,142,350,0.46247464503042596,493,0.6040816326530613,490
2024-08-08,493,447,44,0.537525354969574,493,0.6571428571428571,490
2024-08-09,493,283,207,0.5821501014198783,493,0.6530612244897959,490
2024-08-12,493,155,335,0.5334685598377282,493,0.636734693877551,490
2024-08-13,493,419,70,0.5943204868154158,493,0.673469387755102,490
2024-08-14,493,291,196,0.5983772819472617,493,0.673469387755102,490
2024-08-15,493,405,87,0.6551724137931034,493,0.7061224489795919,490
2024-08-16,493,312,177,0.6815415821501014,493,0.7061224489795919,490
2024-08-19,493,404,86,0.7200811359026369,493,0.7244897959183674,490
2024-08-20,493,169,321,0.6977687626774848,493,0.7163265306122449,490
2024-08-21,493,393,99,0.7403651115618661,493,0.7428571428571429,490
2024-08-22,493,207,284,0.7139959432048681,493,0.7326530612244898,490
2024-08-23,493,424,68,0.7910750507099391,493,0.7551020408163265,490
2024-08-26,493,259,232,0.77079107505071,493,0.7571428571428571,490
2024-08-27,493,238,253,0.7586206896551724,493,0.7489795918367347,490
2024-08-28,493,211,276,0.7606490872210954,493,0.7346938775510204,490
2024-08-29,493,333,160,0.7667342799188641,493,0.746938775510204,490
2024-08-30,493,418,70,0.8113590263691683,493,0.7693877551020408,490
2024-09-03,493,142,349,0.7139959432048681,493,0.7244897959183674,490
2024-09-04,493,238,254,0.7018255578093306,493,0.710204081632653,490
2024-09-05,493,123,366,0.6592292089249493,493,0.7020408163265306,490
2024-09-06,493,80,410,0.5862068965517241,493,0.6632653061224489,490
2024-09-09,493,410,82,0.6490872210953347,493,0.6877551020408164,490
2024-09-10,493,259,229,0.640973630831643,493,0.6714285714285714,490
2024-09-11,493,225,264,0.6572008113590264,493,0.6775510204081633,490
2024-09-12,493,364,128,0.6835699797160243,493,0.6857142857142857,490
2024-09-13,493,409,81,0.7200811359026369,493,0.7183673469387755,490
2024-09-16,493,374,116,0.7363083164300203,493,0.726530612244898,490
2024-09-17,493,262,230,0.7545638945233266,493,0.7326530612244898,490
2024-09-18,493,205,283,0.7322515212981744,493,0.7346938775510204,490
2024-09-19,493,342,147,0.8174442190669371,493,0.7612244897959184,490
2024-09-20,493,170,318,0.7748478701825557,493,0.7326530612244898,490
2024-09-23,493,348,139,0.7849898580121704,493,0.746938775510204,490
2024-09-24,493,251,239,0.7890466531440162,493,0.753061224489796,490
2024-09-25,493,128,364,0.7363083164300203,493,0.7204081632653061,490
2024-09-26,493,325,168,0.8012170385395537,493,0.7591836734693878,490
2024-09-27,493,327,164,0.821501014198783,493,0.7795918367346939,490
2024-09-30,496,307,185,0.8303030303030303,495,0.7682926829268293,492
2024-10-01,496,161,335,0.7575757575757576,495,0.7479674796747967,492
2024-10-02,496,218,274,0.7494949494949495,495,0.7398373983739838,492
2024-10-03,496,112,382,0.7111111111111111,495,0.725609756097561,492
2024-10-04,496,352,144,0.7292929292929293,495,0.7357723577235772,492
2024-10-07,496,102,390,0.6444444444444445,495,0.7012195121951219,492
2024-10-08,496,310,183,0.6626262626262627,495,0.7073170731707317,492
2024-10-09,496,371,124,0.705050505050505,495,0.733739837398374,492
2024-10-10,496,161,332,0.6808080808080809,495,0.7215447154471545,492
2024-10-11,496,427,69,0.7393939393939394,495,0.741869918699187,492
2024-10-14,496,397,99,0.7777777777777778,495,0.7642276422764228,492
2024-10-15,496,240,255,0.7555555555555555,495,0.7560975609756098,492
2024-10-16,496,353,142,0.7636363636363637,495,0.7642276422764228,492
2024-10-17,496,232,262,0.7454545454545455,495,0.766260162601626,492
2024-10-18,496,315,180,0.7555555555555555,495,0.7642276422764228,492
2024-10-21,496,79,414,0.6888888888888889,495,0.7357723577235772,492
2024-10-22,496,181,313,0.6363636363636364,495,0.7195121951219512,492
2024-10-23,496,179,312,0.6161616161616161,495,0.7032520325203252,492
2024-10-24,496,248,246,0.604040404040404,495,0.6971544715447154,492
2024-10-25,496,149,344,0.5434343434343434,495,0.6890243902439024,492
2024-10-28,496,349,147,0.5757575757575758,495,0.7052845528455285,492
2024-10-29,496,156,339,0.5272727272727272,495,0.6971544715447154,492
2024-10-30,496,241,252,0.5333333333333333,495,0.6951219512195121,492
2024-10-31,496,129,366,0.46060606060606063,495,0.6666666666666666,492
2024-11-01,496,245,249,0.4707070707070707,495,0.6626016260162602,492
2024-11-04,496,269,225,0.4808080808080808,495,0.6707317073170732,492
2024-11-05,496,437,59,0.5373737373737374,495,0.7032520325203252,492
2024-11-06,496,337,158,0.6181818181818182,495,0.7215447154471545,492
2024-11-07,496,258,237,0.6363636363636364,495,0.717479674796748,492
2024-11-08,496,312,183,0.6383838383838384,495,0.7154471544715447,492
2024-11-11,496,301,195,0.6444444444444445,495,0.7073170731707317,492
2024-11-12,496,141,354,0.6080808080808081,495,0.6910569105691057,492
2024-11-13,496,257,235,0.6202020202020202,495,0.6951219512195121,492
2024-11-14,496,137,359,0.5737373737373738,495,0.6754563894523327,493
2024-11-15,496,177,318,0.5434343434343434,495,0.6592292089249493,493
2024-11-18,496,317,178,0.5636363636363636,495,0.6673427991886409,493
2024-11-19,496,189,307,0.5252525252525253,495,0.6612576064908722,493
2024-11-20,496,308,187,0.5454545454545454,495,0.6632860040567952,493
2024-11-21,496,431,65,0.6060606060606061,495,0.6835699797160243,493
2024-11-22,495,376,116,0.6255060728744939,494,0.6910569105691057,492
2024-11-25,495,382,112,0.6781376518218624,494,0.733739837398374,492
2024-11-26,495,272,222,0.6882591093117408,494,0.7276422764227642,492
2024-11-27,495,265,227,0.694331983805668,494,0.7296747967479674,492
2024-11-29,495,288,205,0.6923076923076923,494,0.7357723577235772,492
2024-12-02,495,177,315,0.6659919028340081,494,0.7398373983739838,492
2024-12-03,495,151,342,0.6275303643724697,494,0.7195121951219512,492
2024-12-04,495,226,268,0.6174089068825911,494,0.7012195121951219,492
2024-12-05,495,182,312,0.5850202429149798,494,0.6808943089430894,492
2024-12-06,495,198,294,0.5748987854251012,494,0.6747967479674797,492
2024-12-09,495,223,271,0.5656565656565656,495,0.6869918699186992,492
2024-12-10,495,148,346,0.5171717171717172,495,0.6544715447154471,492
2024-12-11,495,233,259,0.501010101010101,495,0.6361788617886179,492
2024-12-12,495,173,319,0.4868686868686869,495,0.6382113821138211,492
2024-12-13,495,157,333,0.4666666666666667,495,0.6199186991869918,492
2024-12-16,495,177,318,0.4202020202020202,495,0.5955284552845529,492
2024-12-17,495,121,370,0.36767676767676766,495,0.5833333333333334,492
2024-12-18,494,19,475,0.18218623481781376,494,0.515274949083503,491
2024-12-19,494,194,298,0.19230769230769232,494,0.5030549898167006,491
2024-12-20,494,438,56,0.25101214574898784,494,0.5274949083503055,491
2024-12-23,494,271,221,0.2408906882591093,494,0.5274949083503055,491
2024-12-24,494,447,45,0.2894736842105263,494,0.5498981670061099,491
2024-12-26,494,275,216,0.29959514170040485,494,0.5519348268839104,491
2024-12-27,494,48,444,0.24696356275303644,494,0.539714867617108,491
2024-12-30,494,33,460,0.18016194331983806,494,0.5173116089613035,491
2024-12-31,498,290,201,0.18674698795180722,498,0.5181451612903226,496
2025-01-02,498,173,324,0.17269076305220885,498,0.5100806451612904,496
2025-01-03,498,392,105,0.22289156626506024,498,0.5262096774193549,496
2025-01-06,498,230,265,0.22289156626506024,498,0.5080645161290323,496
2025-01-07,498,204,292,0.23493975903614459,498,0.5020161290322581,496
2025-01-08,498,288,206,0.24899598393574296,498,0.5141129032258065,496
2025-01-10,498,66,430,0.15863453815261044,498,0.46975806451612906,496
2025-01-13,498,373,122,0.18674698795180722,498,0.5020161290322581,496
2025-01-14,498,380,116,0.23694779116465864,498,0.530241935483871,496
2025-01-15,498,365,133,0.29518072289156627,498,0.5331991951710262,497
2025-01-16,498,373,122,0.3674698795180723,498,0.5642570281124498,498
2025-01-17,498,337,158,0.39959839357429716,498,0.5662650602409639,498
2025-01-21,498,413,84,0.5060240963855421,498,0.5843373493975904,498
2025-01-22,498,173,324,0.4759036144578313,498,0.5763052208835341,498
2025-01-23,498,322,172,0.5160642570281124,498,0.5823293172690763,498
2025-01-24,498,249,244,0.5140562248995983,498,0.5823293172690763,498
2025-01-27,498,346,152,0.5883534136546185,498,0.6164658634538153,498
2025-01-28,498,150,345,0.5321285140562249,498,0.5903614457831325,498
2025-01-29,498,203,295,0.5080321285140562,498,0.5662650602409639,498
2025-01-30,498,410,88,0.5642570281124498,498,0.5943775100401606,498
2025-01-31,498,119,378,0.5040160642570282,498,0.5783132530120482,498
2025-02-03,498,178,319,0.4678714859437751,498,0.570281124497992,498
2025-02-04,498,246,250,0.463855421686747,498,0.5542168674698795,498
2025-02-05,498,346,149,0.5100401606425703,498,0.570281124497992,498
2025-02-06,498,257,240,0.5080321285140562,498,0.5622489959839357,498
2025-02-07,498,134,362,0.4899598393574297,498,0.5562248995983936,498
2025-02-10,498,284,212,0.4899598393574297,498,0.572289156626506,498
2025-02-11,498,259,238,0.5240963855421686,498,0.570281124497992,498
2025-02-12,498,156,341,0.4678714859437751,498,0.5502008032128514,498
2025-02-13,498,391,107,0.5341365461847389,498,0.5783132530120482,498
2025-02-14,498,210,287,0.5401606425702812,498,0.572289156626506,498
2025-02-18,498,355,141,0.5783132530120482,498,0.5642570281124498,498
2025-02-19,498,290,207,0.5863453815261044,498,0.5843373493975904,498
2025-02-20,498,232,266,0.572289156626506,498,0.5863453815261044,498
2025-02-21,498,121,376,0.5160642570281124,498,0.5662650602409639,498
2025-02-24,498,280,217,0.5281124497991968,498,0.570281124497992,498
2025-02-25,498,293,204,0.5281124497991968,498,0.572289156626506,498
2025-02-26,498,197,298,0.5160642570281124,498,0.5642570281124498,498
2025-02-27,498,184,314,0.4859437751004016,498,0.5421686746987951,498
2025-02-28,498,433,64,0.5321285140562249,498,0.5662650602409639,498
2025-03-03,498,165,331,0.4678714859437751,498,0.5441767068273092,498
2025-03-04,498,84,413,0.40763052208835343,498,0.46987951807228917,498
2025-03-05,498,372,125,0.4457831325301205,498,0.4899598393574297,498
2025-03-06,498,162,336,0.40562248995983935,498,0.463855421686747,498
2025-03-07,498,341,155,0.46586345381526106,498,0.4919678714859438,498
2025-03-10,498,152,343,0.41365461847389556,498,0.43172690763052207,498
2025-03-11,498,115,381,0.321285140562249,498,0.37751004016064255,498
2025-03-12,498,178,319,0.28714859437751006,498,0.3654618473895582,498
2025-03-13,498,129,369,0.25903614457831325,498,0.3273092369477912,498
2025-03-14,498,449,49,0.3192771084337349,498,0.3895582329317269,498
2025-03-17,498,454,43,0.37349397590361444,498,0.41566265060240964,498
2025-03-18,498,162,335,0.3514056224899598,498,0.40562248995983935,498
2025-03-19,498,364,132,0.39357429718875503,498,0.42369477911646586,498
2025-03-20,498,174,318,0.36947791164658633,498,0.41365461847389556,498
2025-03-21,498,152,345,0.3313253012048193,498,0.40160642570281124,498
2025-03-24,498,419,78,0.3895582329317269,498,0.44377510040160645,498
2025-03-25,498,214,281,0.39558232931726905,498,0.44779116465863456,498
2025-03-26,498,263,233,0.41164658634538154,498,0.4497991967871486,498
2025-03-27,498,212,282,0.3895582329317269,498,0.42971887550200805,498
2025-03-28,498,90,408,0.3333333333333333,498,0.38755020080321284,498
2025-03-31,499,386,109,0.3895582329317269,498,0.42369477911646586,498
2025-04-01,499,296,202,0.40963855421686746,498,0.42168674698795183,498
2025-04-02,499,387,112,0.41566265060240964,498,0.4497991967871486,498
2025-04-03,499,95,403,0.3132530120481928,498,0.35943775100401604,498
2025-04-04,499,14,485,0.1144578313253012,498,0.21084337349397592,498
2025-04-07,499,161,337,0.07028112449799197,498,0.18473895582329317,498
2025-04-08,499,69,430,0.05220883534136546,498,0.1746987951807229,498
2025-04-09,499,490,9,0.1465863453815261,498,0.2931726907630522,498
2025-04-10,499,74,425,0.13654618473895583,498,0.24899598393574296,498
2025-04-11,499,434,63,0.19678714859437751,498,0.2791164658634538,498
2025-04-14,499,429,70,0.2570281124497992,498,0.29518072289156627,498
2025-04-15,499,196,301,0.25301204819277107,498,0.2931726907630522,498
2025-04-16,499,65,433,0.21084337349397592,498,0.2791164658634538,498
2025-04-17,499,379,119,0.2469879518072289,498,0.2991967871485944,498
2025-04-21,499,39,460,0.15261044176706828,498,0.24899598393574296,498
2025-04-22,499,489,10,0.23493975903614459,498,0.29518072289156627,498
2025-04-23,499,360,136,0.2710843373493976,498,0.2971887550200803,498
2025-04-24,499,401,97,0.3253012048192771,498,0.3232931726907631,498
2025-04-25,499,205,292,0.3226452905811623,499,0.3232931726907631,498
2025-04-28,499,330,168,0.3466933867735471,499,0.3273092369477912,498
2025-04-29,499,370,128,0.3907815631262525,499,0.3433734939759036,498
2025-04-30,499,320,177,0.4228456913827655,499,0.35542168674698793,498
2025-05-01,499,212,286,0.40480961923847697,499,0.3514056224899598,498
2025-05-02,499,456,43,0.5651302605210421,499,0.4036144578313253,498
2025-05-05,499,185,310,0.5410821643286573,499,0.39558232931726905,498
2025-05-06,499,140,357,0.5070140280561122,499,0.3654618473895582,498
2025-05-07,499,359,137,0.5450901803607214,499,0.39959839357429716,498
2025-05-08,499,344,152,0.5891783567134269,499,0.41767068273092367,498
2025-05-09,499,239,257,0.6072144288577155,499,0.42168674698795183,498
2025-05-12,499,405,93,0.7154308617234469,499,0.4979919678714859,498
2025-05-13,499,242,255,0.6893787575150301,499,0.4859437751004016,498
2025-05-14,499,145,351,0.6412825651302605,499,0.46987951807228917,498
2025-05-15,499,370,129,0.7234468937875751,499,0.5080321285140562,498
2025-05-16,499,443,56,0.7775551102204409,499,0.5321285140562249,498
2025-05-19,498,252,245,0.7831325301204819,498,0.5291750503018109,497
2025-05-20,498,172,323,0.7831325301204819,498,0.5191146881287726,497
2025-05-21,498,17,480,0.6546184738955824,498,0.4708249496981891,497
2025-05-22,498,182,309,0.6204819277108434,498,0.45472837022132795,497
2025-05-23,498,170,325,0.5903614457831325,498,0.44064386317907445,497
2025-05-27,498,463,34,0.7168674698795181,498,0.4869215291750503,497
2025-05-28,498,82,415,0.6506024096385542,498,0.45271629778672035,497
2025-05-29,498,351,142,0.6767068273092369,498,0.46277665995975853,497
2025-05-30,498,258,238,0.7008032128514057,498,0.4708249496981891,497
2025-06-02,498,231,265,0.6927710843373494,498,0.46277665995975853,497
2025-06-03,498,355,142,0.6967871485943775,498,0.4708249496981891,497
2025-06-04,498,195,300,0.6907630522088354,498,0.4688128772635815,497
2025-06-05,498,187,308,0.6706827309236948,498,0.448692152917505,497
2025-06-06,498,411,85,0.7248995983935743,498,0.47283702213279677,497
2025-06-09,498,259,236,0.7349397590361446,498,0.47484909456740443,497
2025-06-10,498,325,171,0.7710843373493976,498,0.49899396378269617,497
2025-06-11,498,169,328,0.7590361445783133,498,0.48490945674044267,497
2025-06-12,498,298,198,0.7771084337349398,498,0.49295774647887325,497
2025-06-13,498,69,429,0.7008032128514057,498,0.45271629778672035,497
2025-06-16,498,360,138,0.7329317269076305,498,0.4708249496981891,497
2025-06-17,498,87,410,0.6506024096385542,498,0.43661971830985913,497
2025-06-18,498,234,259,0.6305220883534136,498,0.43259557344064387,497
2025-06-20,498,294,201,0.6345381526104418,498,0.43259557344064387,497
2025-06-23,498,397,99,0.7028112449799196,498,0.4768611670020121,497
2025-06-24,498,374,120,0.7429718875502008,498,0.5030181086519114,497
2025-06-25,498,134,364,0.6526104417670683,498,0.45271629778672035,497
2025-06-26,498,367,130,0.678714859437751,498,0.482897384305835,497
2025-06-27,498,333,160,0.6987951807228916,498,0.4949698189134809,497
2025-06-30,499,345,152,0.7168674698795181,498,0.5140562248995983,498
2025-07-01,499,373,125,0.7931726907630522,498,0.5742971887550201,498
2025-07-02,498,282,213,0.7424547283702213,497,0.5694164989939637,497
2025-07-03,498,345,148,0.778672032193159,497,0.5935613682092555,497
2025-07-07,498,95,401,0.7183098591549296,497,0.5573440643863179,497
2025-07-08,498,265,231,0.716297786720322,497,0.5633802816901409,497
2025-07-09,498,303,194,0.7122736418511066,497,0.5754527162977867,497
2025-07-10,498,349,147,0.7183098591549296,497,0.5975855130784709,497
2025-07-11,498,109,386,0.6659959758551308,497,0.5774647887323944,497
2025-07-14,498,283,214,0.6921529175050302,497,0.5714285714285714,497
2025-07-15,498,48,449,0.5855130784708249,497,0.5311871227364185,497
2025-07-16,498,341,155,0.6197183098591549,497,0.5432595573440644,497
2025-07-17,497,369,126,0.6431451612903226,496,0.5705645161290323,496
2025-07-18,496,248,246,0.6464646464646465,495,0.5696969696969697,495
2025-07-21,496,178,318,0.604040404040404,495,0.5555555555555556,495
2025-07-22,496,402,94,0.7212121212121212,495,0.6060606060606061,495
2025-07-23,496,337,159,0.7434343434343434,495,0.6202020202020202,495
2025-07-24,496,211,284,0.7070707070707071,495,0.6101010101010101,495
2025-07-25,496,331,161,0.7252525252525253,495,0.6222222222222222,495
2025-07-28,496,138,357,0.6626262626262627,495,0.593939393939394,495
2025-07-29,496,250,243,0.6545454545454545,495,0.593939393939394,495
2025-07-30,496,154,340,0.5959595959595959,495,0.5737373737373738,495
2025-07-31,496,136,358,0.5474747474747474,495,0.5515151515151515,495
2025-08-01,496,144,350,0.48484848484848486,495,0.5252525252525253,495
2025-08-04,496,424,70,0.5373737373737374,495,0.5636363636363636,495
2025-08-05,496,225,269,0.5333333333333333,495,0.5515151515151515,495
2025-08-06,496,236,260,0.503030303030303,495,0.5353535353535354,495
2025-08-07,496,242,248,0.5272727272727272,495,0.5454545454545454,495
2025-08-08,496,294,198,0.5616161616161616,495,0.5575757575757576,495
2025-08-11,496,174,316,0.5353535353535354,495,0.5414141414141415,495
2025-08-12,496,393,101,0.6,495,0.5717171717171717,495
2025-08-13,496,412,84,0.6525252525252525,495,0.6242424242424243,495
2025-08-14,496,141,353,0.6202020202020202,495,0.5959595959595959,495
2025-08-15,496,200,294,0.5898989898989899,495,0.593939393939394,495
2025-08-18,496,226,268,0.5878787878787879,495,0.597979797979798,495
2025-08-19,496,351,145,0.6343434343434343,495,0.6161616161616161,495
2025-08-20,496,256,237,0.6444444444444445,495,0.6202020202020202,495
2025-08-21,496,156,339,0.6161616161616161,495,0.6181818181818182,495
2025-08-22,496,419,77,0.7111111111111111,495,0.6707070707070707,495
2025-08-25,496,97,395,0.6585858585858586,495,0.6363636363636364,495
2025-08-26,496,256,238,0.6525252525252525,495,0.6303030303030303,495
2025-08-27,496,338,156,0.6585858585858586,495,0.6404040404040404,495
2025-08-28,495,216,277,0.6417004048582996,494,0.631578947368421,494
2025-08-29,495,280,213,0.6336032388663968,494,0.6396761133603239,494
2025-09-02,495,115,378,0.5789473684210527,494,0.6174089068825911,494
2025-09-03,495,223,271,0.5607287449392713,494,0.6153846153846154,494
2025-09-04,495,364,130,0.5910931174089069,494,0.6275303643724697,494
2025-09-05,495,271,224,0.5931174089068826,494,0.6234817813765182,494
2025-09-08,495,237,255,0.582995951417004,494,0.6214574898785425,494
2025-09-09,495,196,295,0.5595959595959596,495,0.6072874493927125,494
2025-09-10,495,198,296,0.5353535353535354,495,0.5890688259109311,494
2025-09-11,495,430,63,0.6383838383838384,495,0.6477732793522267,494
2025-09-12,495,113,380,0.591919191919192,495,0.6194331983805668,494
2025-09-15,495,194,299,0.5434343434343434,495,0.6032388663967612,494
2025-09-16,495,185,308,0.5070707070707071,495,0.6052631578947368,494
2025-09-17,495,285,208,0.5414141414141415,495,0.6032388663967612,494
2025-09-18,495,316,177,0.5575757575757576,495,0.5991902834008097,494
2025-09-19,495,207,286,0.5595959595959596,495,0.5910931174089069,494
2025-09-22,495,244,249,0.5272727272727272,495,0.5931174089068826,494
2025-09-23,495,273,220,0.5656565656565656,495,0.6012145748987854,494
2025-09-24,495,216,275,0.5353535353535354,495,0.6052631578947368,494
2025-09-25,495,115,379,0.47474747474747475,495,0.582995951417004,494
2025-09-26,495,423,71,0.5454545454545454,495,0.6133603238866396,494
2025-09-29,495,299,196,0.5515151515151515,495,0.6153846153846154,494
2025-09-30,499,299,199,0.570281124497992,498,0.6345381526104418,498
2025-10-01,499,217,281,0.5522088353413654,498,0.6385542168674698,498
2025-10-02,499,275,220,0.5562248995983936,498,0.6285140562248996,498
2025-10-03,499,321,176,0.5963855421686747,498,0.6405622489959839,498
2025-10-06,499,237,262,0.570281124497992,498,0.6405622489959839,498
2025-10-07,499,201,296,0.5441767068273092,498,0.6365461847389559,498
2025-10-08,499,261,236,0.5502008032128514,498,0.6224899598393574,498
2025-10-09,499,120,378,0.4939759036144578,498,0.6104417670682731,498
2025-10-10,499,76,422,0.3634538152610442,498,0.536144578313253,498
2025-10-13,499,352,144,0.41566265060240964,498,0.5682730923694779,498
2025-10-14,499,385,113,0.4819277108433735,498,0.606425702811245,498
2025-10-15,499,247,249,0.4738955823293173,498,0.6024096385542169,498
2025-10-16,499,133,365,0.40080160320641284,499,0.5602409638554217,498
2025-10-17,499,359,139,0.43887775551102204,499,0.572289156626506,498
2025-10-20,499,411,85,0.5070140280561122,499,0.6184738955823293,498
2025-10-21,499,296,201,0.533066132264529,499,0.6365461847389559,498
2025-10-22,499,196,302,0.4909819639278557,499,0.6244979919678715,498
2025-10-23,499,281,216,0.5110220440881763,499,0.6345381526104418,498
2025-10-24,499,258,237,0.5290581162324649,499,0.6204819277108434,498
2025-10-27,499,321,176,0.5591182364729459,499,0.6265060240963856,498
2025-10-28,499,103,395,0.4709418837675351,499,0.5963855421686747,498
2025-10-29,499,122,376,0.41082164328657317,499,0.536144578313253,498
2025-10-30,499,233,264,0.41282565130260523,499,0.5261044176706827,498
2025-10-31,499,258,237,0.40080160320641284,499,0.5321285140562249,498
2025-11-03,499,183,313,0.38276553106212424,499,0.5261044176706827,498
2025-11-04,499,218,280,0.3867735470941884,499,0.5200803212851406,498
2025-11-05,499,306,189,0.39879759519038077,499,0.5281124497991968,498
2025-11-06,499,160,339,0.3807615230460922,499,0.5080321285140562,498
2025-11-07,499,387,110,0.4348697394789579,499,0.5321285140562249,498
2025-11-10,499,310,187,0.4529058116232465,499,0.5441767068273092,498
2025-11-11,499,342,155,0.4849699398797595,499,0.5642570281124498,498
2025-11-12,499,295,202,0.5090180360721442,499,0.5662650602409639,498
2025-11-13,499,130,367,0.43887775551102204,499,0.5562248995983936,498
2025-11-14,499,181,312,0.4248496993987976,499,0.5481927710843374,498
2025-11-17,499,93,406,0.36072144288577157,499,0.5060240963855421,498
2025-11-18,499,249,250,0.3527054108216433,499,0.5080321285140562,498
2025-11-19,499,192,302,0.3366733466933868,499,0.4979919678714859,498
2025-11-20,499,149,349,0.3066132264529058,499,0.46586345381526106,498
2025-11-21,499,443,55,0.3847695390781563,499,0.5220883534136547,498
2025-11-24,499,259,237,0.40681362725450904,499,0.5220883534136547,498
2025-11-25,499,423,73,0.5050100200400801,499,0.5582329317269076,498
2025-11-26,499,359,139,0.5490981963927856,499,0.572289156626506,498
2025-11-28,498,374,123,0.5823293172690763,498,0.5915492957746479,497
2025-12-01,498,131,366,0.5140562248995983,498,0.5674044265593562,497
2025-12-02,498,215,282,0.4959839357429719,498,0.5573440643863179,497
2025-12-03,498,333,164,0.5301204819277109,498,0.579476861167002,497
2025-12-04,498,250,246,0.5461847389558233,498,0.5814889336016097,497
2025-12-05,498,256,241,0.536144578313253,498,0.5935613682092555,497
2025-12-08,498,155,342,0.4879518072289157,498,0.5492957746478874,497
2025-12-09,498,214,283,0.46987951807228917,498,0.5533199195171026,497
2025-12-10,498,384,113,0.5401606425702812,498,0.579476861167002,497
2025-12-11,497,364,130,0.5935613682092555,497,0.6108870967741935,496
2025-12-12,497,221,275,0.5754527162977867,497,0.6169354838709677,496
2025-12-15,497,278,215,0.6036217303822937,497,0.6088709677419355,496
2025-12-16,497,128,367,0.5553319919517102,497,0.5887096774193549,496
2025-12-17,497,255,240,0.5774647887323944,497,0.5907258064516129,496
2025-12-18,497,262,232,0.5533199195171026,497,0.5866935483870968,496
2025-12-19,497,278,217,0.5653923541247485,497,0.5725806451612904,496
2025-12-22,497,385,112,0.6056338028169014,497,0.594758064516129,496
2025-12-23,497,213,284,0.5995975855130785,497,0.594758064516129,496
2025-12-24,497,387,107,0.6116700201207244,497,0.6008064516129032,496
2025-12-26,497,263,225,0.6156941649899397,497,0.592741935483871,496
2025-12-29,497,203,287,0.6277665995975855,497,0.6048387096774194,496
2025-12-30,497,193,300,0.6156941649899397,497,0.6028225806451613,496
2025-12-31,499,17,480,0.5522088353413654,498,0.5855130784708249,497
2026-01-02,499,323,175,0.570281124497992,498,0.5835010060362174,497
2026-01-05,499,336,161,0.6104417670682731,498,0.5975855130784709,497
2026-01-06,499,377,122,0.6506024096385542,498,0.6237424547283702,497
2026-01-07,499,114,385,0.6044176706827309,498,0.5855130784708249,497
2026-01-08,499,353,146,0.6847389558232931,498,0.6237424547283702,497
2026-01-09,499,278,219,0.6947791164658634,498,0.635814889336016,497
2026-01-12,499,247,251,0.678714859437751,498,0.641851106639839,497
2026-01-13,499,260,239,0.6566265060240963,498,0.6378269617706237,497
2026-01-14,499,315,183,0.7014028056112225,499,0.6599597585513078,497
2026-01-15,499,308,190,0.7214428857715431,499,0.6659959758551308,497
2026-01-16,499,225,274,0.7074148296593187,499,0.6639839034205232,497
2026-01-20,499,98,399,0.6152304609218436,499,0.6277665995975855,497
2026-01-21,499,410,89,0.6833667334669339,499,0.6539235412474849,497
2026-01-22,499,281,215,0.6753507014028056,499,0.6559356136820925,497
2026-01-23,499,181,317,0.657314629258517,499,0.6438631790744467,497
2026-01-26,499,315,183,0.6953907815631263,499,0.6498993963782697,497
2026-01-27,499,231,268,0.6593186372745491,499,0.647887323943662,497
2026-01-28,499,188,311,0.6072144288577155,499,0.6378269617706237,497
2026-01-29,499,284,211,0.6292585170340681,499,0.6297786720321932,497
2026-01-30,499,243,255,0.6513026052104208,499,0.6297786720321932,497
2026-02-02,499,289,210,0.6492985971943888,499,0.6217303822937625,497
2026-02-03,499,269,229,0.6192384769539078,499,0.6156941649899397,497
2026-02-04,498,359,139,0.6606425702811245,498,0.6592741935483871,496
2026-02-05,498,181,316,0.6385542168674698,498,0.6431451612903226,496
2026-02-06,498,396,102,0.6726907630522089,498,0.6612903225806451,496
2026-02-09,498,260,236,0.6686746987951807,498,0.6592741935483871,496
2026-02-10,498,295,201,0.6746987951807228,498,0.6612903225806451,496
2026-02-11,498,283,215,0.6566265060240963,498,0.6592741935483871,496
2026-02-12,498,160,338,0.606425702811245,498,0.6350806451612904,496
2026-02-13,498,364,134,0.6164658634538153,498,0.6350806451612904,496
2026-02-17,498,239,258,0.6285140562248996,498,0.6229838709677419,496
2026-02-18,498,314,183,0.6506024096385542,498,0.6471774193548387,496
2026-02-19,498,201,293,0.6305220883534136,498,0.6270161290322581,496
2026-02-20,498,330,168,0.6445783132530121,498,0.6431451612903226,496
2026-02-23,498,169,327,0.6004016064257028,498,0.6209677419354839,496
2026-02-24,498,354,142,0.608433734939759,498,0.6229838709677419,496
2026-02-25,498,256,241,0.6184738955823293,498,0.6169354838709677,496
2026-02-26,498,348,147,0.6465863453815262,498,0.6411290322580645,496
2026-02-27,498,274,224,0.6184738955823293,498,0.6451612903225806,496
2026-03-02,498,237,259,0.6044176706827309,498,0.6350806451612904,496
2026-03-03,498,135,362,0.5562248995983936,498,0.6008064516129032,496
2026-03-04,498,282,214,0.5682730923694779,498,0.5987903225806451,496
2026-03-05,498,136,361,0.5160642570281124,498,0.5745967741935484,496
2026-03-06,498,144,353,0.43373493975903615,498,0.5443548387096774,496
2026-03-09,498,251,247,0.4357429718875502,498,0.5443548387096774,496
2026-03-10,498,145,353,0.40160642570281124,498,0.5262096774193549,496
2026-03-11,498,167,329,0.3795180722891566,498,0.5080645161290323,496
2026-03-12,498,110,387,0.3112449799196787,498,0.4798387096774194,496
2026-03-13,498,252,243,0.3092369477911647,498,0.46975806451612906,496
2026-03-16,498,372,125,0.3232931726907631,498,0.4838709677419355,496
2026-03-17,498,310,184,0.3333333333333333,498,0.49193548387096775,496
2026-03-18,498,80,418,0.28112449799196787,498,0.46169354838709675,496
2026-03-19,498,209,289,0.26907630522088355,498,0.4596774193548387,496
2026-03-20,498,113,385,0.18875502008032127,498,0.4314516129032258,496
2026-03-23,498,377,120,0.22289156626506024,498,0.4536290322580645,496
2026-03-24,498,281,217,0.23293172690763053,498,0.4596774193548387,496
2026-03-25,498,318,179,0.26305220883534136,498,0.4637096774193548,496
2026-03-26,498,187,310,0.21084337349397592,498,0.4495967741935484,496
2026-03-27,498,105,390,0.18674698795180722,498,0.41330645161290325,496
2026-03-30,498,273,223,0.18875502008032127,498,0.4092741935483871,496
2026-03-31,500,417,82,0.24,500,0.46586345381526106,498
2026-04-01,500,298,200,0.262,500,0.4718875502008032,498
2026-04-02,500,300,198,0.286,500,0.4779116465863454,498
2026-04-06,500,320,177,0.308,500,0.4779116465863454,498
2026-04-07,499,206,292,0.2965931863727455,499,0.47484909456740443,497
2026-04-08,499,419,80,0.46292585170340683,499,0.545271629778672,497
2026-04-09,499,291,207,0.4789579158316633,499,0.5492957746478874,497
2026-04-10,499,136,362,0.43286573146292584,499,0.5271629778672032,497
2026-04-13,499,356,142,0.4969939879759519,499,0.5492957746478874,497
2026-04-14,499,285,210,0.5190380761523046,499,0.5613682092555332,497
2026-04-15,499,222,275,0.5070140280561122,499,0.5412474849094567,497
2026-04-16,499,298,200,0.5250501002004008,499,0.5251509054325956,497
2026-04-17,499,392,105,0.5971943887775552,499,0.5935613682092555,497
2026-04-20,499,274,223,0.6052104208416834,499,0.5835010060362174,497
2026-04-21,499,164,335,0.5751503006012024,499,0.5573440643863179,497
2026-04-22,499,216,282,0.5450901803607214,499,0.5613682092555332,497
2026-04-23,499,270,228,0.5490981963927856,499,0.5513078470824949,497
2026-04-24,499,175,322,0.5250501002004008,499,0.5432595573440644,497
2026-04-27,499,226,271,0.503006012024048,499,0.5472837022132797,497
2026-04-28,499,230,268,0.5230460921843687,499,0.5492957746478874,497
2026-04-29,499,167,331,0.49498997995991983,499,0.5352112676056338,497
2026-04-30,499,376,118,0.56312625250501,499,0.5694164989939637,497
2026-05-01,499,171,326,0.5531062124248497,499,0.5653923541247485,497
2026-05-04,499,151,345,0.5150300601202404,499,0.5331991951710262,497
2026-05-05,499,317,182,0.5290581162324649,499,0.5432595573440644,497
2026-05-06,499,317,181,0.5511022044088176,499,0.5553319919517102,497
2026-05-07,498,175,323,0.5220883534136547,498,0.5483870967741935,496
2026-05-08,498,207,291,0.5120481927710844,498,0.5241935483870968,496
2026-05-11,498,212,286,0.4939759036144578,498,0.5342741935483871,496
2026-05-12,498,257,240,0.5,498,0.5362903225806451,496
2026-05-13,498,170,326,0.45582329317269077,498,0.5241935483870968,496
2026-05-14,498,294,203,0.46586345381526106,498,0.5362903225806451,496
2026-05-15,498,139,357,0.4397590361445783,498,0.5060483870967742,496
2026-05-18,498,354,142,0.5060240963855421,498,0.5221774193548387,496
2026-05-19,498,184,313,0.4678714859437751,498,0.5040322580645161,496
2026-05-20,498,345,151,0.5220883534136547,498,0.5342741935483871,496
2026-05-21,498,285,209,0.5401606425702812,498,0.5504032258064516,496
2026-05-22,498,349,148,0.570281124497992,498,0.5613682092555332,497
2026-05-26,498,246,251,0.5522088353413654,498,0.5694164989939637,497
2026-05-27,498,235,259,0.5481927710843374,498,0.5754527162977867,497
2026-05-28,498,236,261,0.5562248995983936,498,0.5694164989939637,497
2026-05-29,498,192,306,0.5200803212851406,498,0.5492957746478874,497
2026-06-01,498,207,291,0.5060240963855421,498,0.5311871227364185,497
2026-06-02,498,254,243,0.5120481927710844,498,0.5311871227364185,497
2026-06-03,498,198,297,0.4979919678714859,498,0.5311871227364185,497
2026-06-04,498,361,136,0.5562248995983936,498,0.5593561368209256,497
2026-06-05,498,236,262,0.536144578313253,498,0.5774647887323944,497
2026-06-08,498,179,318,0.5140562248995983,498,0.5513078470824949,497
2026-06-09,498,366,131,0.5742971887550201,498,0.579476861167002,497
2026-06-10,498,172,325,0.5100401606425703,498,0.5613682092555332,497
2026-06-11,498,316,180,0.5542168674698795,498,0.5895372233400402,497
2026-06-12,498,394,104,0.6004016064257028,498,0.6016096579476862,497
2026-06-15,498,253,244,0.6144578313253012,498,0.6016096579476862,497
2026-06-16,498,270,228,0.6405622489959839,498,0.6096579476861167,497
2026-06-17,498,72,425,0.5281124497991968,498,0.5714285714285714,497
2026-06-18,498,261,236,0.5461847389558233,498,0.5754527162977867,497
2026-06-22,498,265,232,0.5341365461847389,498,0.5653923541247485,497
2026-06-23,498,283,214,0.5803212851405622,498,0.5955734406438632,497
2026-06-24,498,322,174,0.6244979919678715,498,0.6096579476861167,497
2026-06-25,498,303,195,0.6305220883534136,498,0.6036217303822937,497
2026-06-26,498,324,173,0.6385542168674698,498,0.6197183098591549,497
2026-06-29,498,226,271,0.6465863453815262,498,0.6036217303822937,497
2026-06-30,502,210,291,0.618,500,0.5991983967935872,499
2026-07-01,502,299,203,0.632,500,0.6072144288577155,499
2026-07-02,502,355,146,0.67,500,0.6472945891783567,499
2026-07-06,502,220,279,0.674,500,0.6372745490981964,499
2026-07-07,502,283,218,0.674,500,0.655310621242485,499
2026-07-08,502,112,390,0.63,500,0.6352705410821643,499
2026-07-09,502,301,201,0.64,500,0.6332665330661322,499
2026-07-10,502,337,163,0.678,500,0.6472945891783567,499
2026-07-13,502,272,230,0.648,500,0.6613226452905812,499
2026-07-14,502,202,297,0.63,500,0.6412825651302605,499
2026-07-15,502,257,245,0.616,500,0.6352705410821643,499
2026-07-16,502,369,132,0.668,500,0.6833667334669339,499
2026-07-17,502,146,356,0.636,500,0.6533066132264529,499
2026-07-20,502,163,338,0.606,500,0.6312625250501002,499
2026-07-21,502,228,271,0.592,500,0.6232464929859719,499
2026-07-22,502,245,253,0.618,500,0.6332665330661322,499
2026-07-23,502,212,290,0.574,500,0.6332665330661322,499
2026-07-24,502,362,140,0.65,500,0.6452905811623246,499
2026-07-27,502,328,174,0.684,500,0.6753507014028056,499
2026-07-28,502,357,144,0.712,500,0.7034068136272545,499
2026-07-29,502,181,321,0.658,500,0.6773547094188377,499
2026-07-30,502,196,304,0.634,500,0.6713426853707415,499
2026-07-31,502,221,280,0.618,500,0.6513026052104208,499
2026-08-03,502,340,162,0.636,500,0.6753507014028056,499
2026-08-04,502,359,140,0.678,500,0.6953907815631263,499
2026-08-05,501,245,256,0.6633266533066132,499,0.6927710843373494,498
2026-08-06,501,201,298,0.6372745490981964,499,0.6887550200803213,498
2026-08-07,501,320,179,0.6513026052104208,499,0.714859437751004,498
2026-08-10,501,228,270,0.6472945891783567,499,0.6967871485943775,498
2026-08-11,501,274,225,0.63,500,0.6967871485943775,498
2026-08-12,501,261,239,0.642,500,0.6767068273092369,498
2026-08-13,501,318,182,0.68,500,0.7168674698795181,498
2026-08-14,501,249,244,0.692,500,0.7128514056224899,498
2026-08-17,500,130,368,0.6172344689378757,499,0.676056338028169,497
2026-08-18,500,224,273,0.591182364729459,499,0.6720321931589537,497
2026-08-19,500,285,214,0.593186372745491,499,0.710261569416499,497
2026-08-20,500,156,339,0.5370741482965932,499,0.6927710843373494,498
2026-08-21,500,330,168,0.5751503006012024,499,0.6827309236947792,498
2026-08-24,500,304,193,0.5951903807615231,499,0.7128514056224899,498
2026-08-25,500,206,292,0.584,500,0.6967871485943775,498
2026-08-26,500,282,216,0.588,500,0.6927710843373494,498
2026-08-27,500,152,346,0.54,500,0.6827309236947792,498
2026-08-28,500,228,271,0.53,500,0.6746987951807228,498
2026-08-31,500,135,360,0.494,500,0.6506024096385542,498
2026-09-01,500,157,340,0.454,500,0.6164658634538153,498
2026-09-02,500,299,200,0.474,500,0.6305220883534136,498
2026-09-03,500,338,160,0.506,500,0.6506024096385542,498
2026-09-04,500,174,325,0.466,500,0.6265060240963856,498
2026-09-08,500,145,354,0.42,500,0.5943775100401606,498
2026-09-09,500,97,403,0.366,500,0.5562248995983936,498
2026-09-10,500,165,331,0.332,500,0.536144578313253,498
2026-09-11,500,334,166,0.386,500,0.5562248995983936,498
2026-09-14,500,282,217,0.378,500,0.5562248995983936,498
2026-09-15,500,156,343,0.346,500,0.5220883534136547,498
2026-09-16,500,159,339,0.308,500,0.4939759036144578,498
2026-09-17,500,292,205,0.308,500,0.4959839357429719,498
2026-09-18,500,154,345,0.278,500,0.4859437751004016,498
2026-09-21,500,289,209,0.294,500,0.4899598393574297,498
2026-09-22,500,246,253,0.29,500,0.4799196787148594,498
2026-09-23,500,168,332,0.28,500,0.46184738955823296,498
2026-09-24,500,172,327,0.246,500,0.43775100401606426,498
2026-09-25,500,327,171,0.256,500,0.45180722891566266,498
2026-09-28,500,161,335,0.236,500,0.42771084337349397,498
2026-09-29,500,193,302,0.238,500,0.41967871485943775,498
2026-09-30,500,113,387,0.2,500,0.39558232931726905,498
2026-10-01,500,294,204,0.22,500,0.40160642570281124,498
2026-10-02,500,288,209,0.238,500,0.41365461847389556,498
2026-10-05,499,314,182,0.2605210420841683,499,0.4245472837022133,497
